MaxAbsEStateIndex,MaxEStateIndex,MolWt,MolLogP,NumHDonors,NumHAcceptors,TPSA,NumRotatableBonds,RingCount,Hepatotoxicity
11.101926886495338,11.101926886495338,277.40799999999996,3.035600000000002,1.0,3.0,32.7,5.0,2.0,1
10.373000755857898,10.373000755857898,171.15599999999998,0.09201999999999982,1.0,5.0,81.19,3.0,1.0,1
6.144953703703704,6.144953703703704,199.31899999999996,1.5602,0.0,3.0,12.47,0.0,4.0,0
12.347138444501358,12.347138444501358,354.79700000000014,2.9249800000000006,2.0,5.0,90.68,3.0,3.0,0
11.090685656399177,11.090685656399177,316.38200000000006,3.723200000000003,1.0,5.0,83.21,5.0,2.0,1
10.78669674351222,10.78669674351222,244.20699999999994,-3.0114999999999994,4.0,8.0,143.72000000000003,3.0,2.0,0
4.53630574452003,4.53630574452003,278.39899999999994,3.917520000000003,0.0,2.0,16.130000000000003,4.0,3.0,0
12.405252582514485,12.405252582514485,317.4290000000001,3.2609000000000012,2.0,2.0,66.4,6.0,2.0,0
12.334172965482491,12.334172965482491,581.6690000000001,0.16990000000000505,4.0,9.0,201.23999999999998,5.0,5.0,1
11.706946941196128,11.706946941196128,420.63400000000024,5.114000000000006,3.0,3.0,77.76,5.0,4.0,1
13.121104293983873,13.121104293983873,501.51400000000024,5.5408000000000035,2.0,6.0,98.78,8.0,5.0,0
12.52164848239677,12.52164848239677,492.58300000000025,4.007880000000003,0.0,8.0,96.93,7.0,5.0,0
13.797318778650155,13.797318778650155,704.8690000000001,4.2116000000000025,5.0,9.0,171.22,14.0,3.0,0
13.82941552563531,13.82941552563531,670.8550000000001,3.0924000000000027,5.0,7.0,166.74999999999997,12.0,5.0,0
12.0467401624161,12.0467401624161,396.51600000000013,2.7722,4.0,6.0,100.27,9.0,3.0,0
15.256153274553151,15.256153274553151,3949.4549999999863,-23.8251300000004,56.0,59.0,1690.6399999999987,109.0,8.0,0
12.723659060846561,12.723659060846561,339.39900000000017,0.3944800000000007,1.0,7.0,97.04999999999998,3.0,3.0,0
13.581172940208688,13.581172940208688,586.689,4.0911000000000035,1.0,9.0,114.19999999999999,4.0,7.0,1
12.908206504815244,12.908206504815244,468.59400000000034,3.3100000000000014,0.0,6.0,60.47000000000001,10.0,4.0,0
11.358434608054019,11.358434608054019,274.27200000000005,2.2743,0.0,5.0,53.99000000000001,3.0,3.0,1
12.731352696942976,12.731352696942976,449.845,3.462900000000001,3.0,6.0,103.37,6.0,4.0,0
14.546339416288912,14.546339416288912,415.4320000000001,3.7543000000000006,2.0,7.0,101.38000000000001,5.0,5.0,0
13.353224477692821,13.353224477692821,430.54500000000036,2.7733,2.0,5.0,95.94000000000001,9.0,3.0,0
10.95552610772398,10.95552610772398,321.33700000000016,0.5409999999999998,1.0,9.0,122.22,7.0,2.0,0
11.553342799476233,11.553342799476233,531.4400000000003,4.2058000000000035,0.0,7.0,69.06,7.0,5.0,1
11.834578609221467,11.834578609221467,258.229,2.3096,2.0,4.0,83.83000000000001,3.0,2.0,1
12.929507254117228,12.929507254117228,493.61500000000024,4.590320000000003,2.0,7.0,86.28000000000002,7.0,5.0,1
13.083237040186443,13.083237040186443,368.47400000000016,1.9405999999999999,2.0,5.0,95.94000000000001,8.0,2.0,0
11.068854593745467,11.068854593745467,265.338,3.2433000000000005,2.0,4.0,67.01,4.0,2.0,1
2.4502314814814814,2.4502314814814814,284.428,4.239400000000003,0.0,3.0,6.48,3.0,3.0,0
10.100084089191233,10.100084089191233,146.146,-1.336199999999999,3.0,3.0,106.41,4.0,0.0,0
9.888194444444444,9.888194444444444,117.14799999999998,-1.5574999999999983,0.0,2.0,40.129999999999995,2.0,0.0,0
12.362390873015874,12.362390873015874,289.375,1.9309,1.0,4.0,49.769999999999996,4.0,3.0,0
12.901305712217525,12.901305712217525,575.6870000000001,5.6959200000000045,2.0,7.0,115.73000000000002,8.0,5.0,1
11.231896867996255,11.231896867996255,375.559,5.044840000000004,1.0,4.0,40.540000000000006,6.0,3.0,0
6.200874590576971,6.200874590576971,320.04599999999994,5.929000000000001,0.0,0.0,0.0,3.0,2.0,0
15.18304277792763,15.18304277792763,1255.4379999999985,0.7256400000000024,5.0,18.0,359.9799999999999,8.0,7.0,1
14.53458573532479,14.53458573532479,877.0449999999994,5.648220000000007,6.0,15.0,220.14999999999998,5.0,7.0,0
13.422074356604917,13.422074356604917,549.5530000000003,3.5306000000000024,2.0,5.0,104.29,4.0,6.0,0
10.679840718694885,10.679840718694885,314.46900000000005,5.7358000000000064,1.0,2.0,29.46,4.0,3.0,0
4.793981481481481,4.793981481481481,114.173,1.08269,1.0,2.0,20.72,0.0,1.0,1
13.924884041685367,13.924884041685367,697.7780000000001,4.754120000000007,6.0,12.0,201.30999999999997,2.0,5.0,0
12.905095918537544,12.905095918537544,375.87100000000004,4.425600000000004,1.0,3.0,40.54,6.0,3.0,1
8.77909416100397,8.77909416100397,374.91200000000003,3.055900000000001,1.0,4.0,35.94,8.0,3.0,0
9.252261432350718,9.252261432350718,209.25300000000001,0.17236999999999986,3.0,6.0,91.16000000000001,1.0,2.0,0
3.2262581884605694,3.2262581884605694,263.38399999999996,3.826400000000003,1.0,1.0,12.03,3.0,3.0,1
15.129540232260648,15.129540232260648,1202.6349999999982,3.2690000000000063,5.0,12.0,278.8,15.0,1.0,1
5.867482993197279,5.867482993197279,149.23699999999997,1.9664000000000001,1.0,1.0,26.02,2.0,1.0,0
11.836141817838246,11.836141817838246,250.298,0.45390000000000025,2.0,3.0,67.42999999999999,6.0,1.0,0
6.176539767362579,6.176539767362579,326.8310000000001,3.7227000000000023,1.0,4.0,30.869999999999997,0.0,4.0,1
14.07322487429698,14.07322487429698,733.9370000000002,1.785600000000004,5.0,14.0,193.91,7.0,3.0,1
9.459849106485247,9.459849106485247,404.4700000000001,3.6316800000000025,2.0,7.0,104.20000000000002,7.0,4.0,0
11.440787037037037,11.440787037037037,180.167,-1.0397000000000005,1.0,5.0,72.68,0.0,2.0,0
12.293618669690098,12.293618669690098,318.35400000000004,2.006,3.0,4.0,95.5,5.0,2.0,0
16.01721413883496,16.01721413883496,1449.2710000000004,0.10620000000000607,19.0,25.0,530.4899999999999,13.0,12.0,1
13.629786570965454,13.629786570965454,513.6770000000002,5.950920000000006,1.0,5.0,63.050000000000004,8.0,5.0,0
12.053441358024692,12.053441358024692,239.74599999999998,3.2993000000000023,1.0,2.0,29.1,3.0,1.0,1
13.45696676186034,13.45696676186034,1321.4350000000006,-15.441999999999888,27.0,27.0,736.6099999999998,19.0,4.0,0
4.905046296296296,4.905046296296296,152.18200000000002,1.0154899999999998,2.0,3.0,57.36,0.0,2.0,1
12.826666981607456,12.826666981607456,384.2450000000001,0.36059999999999875,4.0,6.0,124.44000000000001,9.0,2.0,1
11.547429920399034,11.547429920399034,320.3960000000001,2.5914,2.0,4.0,72.94,3.0,4.0,0
9.800238367540441,9.800238367540441,325.449,2.3659000000000003,2.0,5.0,59.95,12.0,1.0,0
12.136979717813052,12.136979717813052,299.802,2.0023999999999997,2.0,4.0,67.59,7.0,1.0,1
5.698501511715798,5.698501511715798,133.19399999999996,1.5012,1.0,1.0,26.02,1.0,2.0,0
12.601317712270093,12.601317712270093,296.201,-0.8039000000000005,3.0,6.0,104.55000000000001,2.0,2.0,0
15.280970149265272,15.280970149265272,5135.862999999984,-27.031080000000056,83.0,72.0,2339.3699999999994,181.0,3.0,0
14.715409283720678,14.715409283720678,1019.2610000000002,-0.8053999999999939,13.0,14.0,332.22,17.0,5.0,1
11.710138758806242,11.710138758806242,514.6290000000002,7.2644200000000065,1.0,5.0,72.94,7.0,6.0,0
13.442110142924228,13.442110142924228,484.66300000000024,4.666800000000004,1.0,6.0,55.760000000000005,9.0,6.0,0
14.44515852333664,14.44515852333664,582.9700000000001,4.324580000000003,1.0,6.0,119.29000000000002,7.0,5.0,0
9.403367268203578,9.403367268203578,293.374,2.9287600000000014,0.0,5.0,78.28999999999999,4.0,2.0,1
11.219720944962347,11.219720944962347,256.092,1.9263000000000001,1.0,3.0,44.7,0.0,3.0,0
5.273919753086419,5.273919753086419,618.2630000000005,4.112200000000007,3.0,4.0,62.61,22.0,1.0,0
12.508819624652265,12.508819624652265,387.44000000000017,1.0567999999999995,1.0,8.0,103.04,4.0,4.0,0
14.138790040976652,14.138790040976652,1601.795,2.5134999999999983,8.0,31.0,473.8499999999999,52.0,9.0,0
10.947641763699664,10.947641763699664,228.291,3.370000000000002,0.0,2.0,26.3,4.0,2.0,0
12.30005874856787,12.30005874856787,374.90800000000013,4.036800000000004,1.0,3.0,54.370000000000005,1.0,5.0,1
15.22672915581826,15.22672915581826,487.5070000000003,3.657000000000002,1.0,6.0,83.16000000000001,6.0,5.0,0
3.4901865499286133,3.4901865499286133,314.49800000000005,4.271100000000003,1.0,2.0,19.03,4.0,4.0,0
2.427401738473167,2.427401738473167,287.4060000000001,4.697900000000004,0.0,1.0,3.24,0.0,4.0,1
13.31949337414029,13.31949337414029,517.5640000000003,-0.24029999999999757,3.0,7.0,156.42999999999998,6.0,4.0,1
13.240979579733636,13.240979579733636,416.5180000000003,2.3831999999999995,2.0,5.0,95.94000000000001,9.0,3.0,1
11.28582703451751,11.28582703451751,287.3589999999999,3.383000000000001,2.0,2.0,62.32000000000001,4.0,3.0,1
12.243546390778533,12.243546390778533,254.285,3.1057000000000006,1.0,2.0,54.370000000000005,4.0,2.0,1
9.099537037037036,9.099537037037036,397.288,1.5551000000000001,2.0,2.0,122.20000000000002,0.0,1.0,1
10.562764998382784,10.562764998382784,273.18899999999996,-0.43970000000000015,3.0,7.0,136.38000000000002,5.0,2.0,0
11.770897586894158,11.770897586894158,323.422,1.2545,2.0,5.0,90.97999999999999,6.0,3.0,0
13.308321837994459,13.308321837994459,238.19699999999997,0.7035,1.0,4.0,73.8,3.0,2.0,0
11.005555555555556,11.005555555555556,141.17,0.4492,1.0,2.0,46.17,1.0,1.0,0
13.457615096591159,13.457615096591159,507.73700000000036,3.8668000000000022,3.0,7.0,109.85,5.0,4.0,0
13.126497208999911,13.126497208999911,638.832,5.909900000000007,1.0,3.0,79.53,3.0,5.0,0
12.987203404509954,12.987203404509954,357.7930000000002,3.9273200000000026,1.0,4.0,68.53,4.0,3.0,1
4.137037037037037,4.137037037037037,162.23600000000002,1.8483,0.0,2.0,16.130000000000003,1.0,2.0,0
13.297613205660362,13.297613205660362,427.5640000000002,4.6665000000000045,1.0,3.0,44.81,8.0,3.0,0
11.651792013101538,11.651792013101538,250.34199999999998,2.7597000000000014,0.0,3.0,32.78,4.0,1.0,0
11.590913730292737,11.590913730292737,357.435,2.490900000000001,1.0,6.0,71.53,7.0,3.0,1
10.999421296296298,10.999421296296298,197.381,2.5084999999999997,0.0,0.0,0.0,0.0,0.0,1
14.263532113112289,14.263532113112289,475.3620000000001,5.004200000000004,1.0,6.0,59.510000000000005,6.0,4.0,0
10.309104938271606,10.309104938271606,163.198,-0.4945,3.0,3.0,66.4,3.0,0.0,0
12.178815507684554,12.178815507684554,237.73000000000002,2.897800000000001,1.0,2.0,29.1,2.0,2.0,0
12.935120733619963,12.935120733619963,551.7690000000002,3.293500000000003,4.0,7.0,146.13000000000002,19.0,1.0,1
13.643057057489102,13.643057057489102,543.5250000000003,0.0012999999999995793,6.0,12.0,206.07,5.0,5.0,1
5.87850458238851,5.87850458238851,255.361,3.217800000000002,0.0,2.0,12.47,6.0,2.0,0
11.243321418073403,11.243321418073403,245.32199999999995,2.2512,1.0,2.0,38.33,4.0,3.0,0
14.379223670949862,14.379223670949862,349.31600000000003,2.1769000000000003,1.0,6.0,76.72,5.0,3.0,1
12.290193957984465,12.290193957984465,427.4170000000002,0.6664,6.0,6.0,191.25999999999996,9.0,3.0,0
14.05875895544932,14.05875895544932,1806.9950000000013,-5.707099999999997,22.0,32.0,663.44,66.0,4.0,0
12.93887738071883,12.93887738071883,464.83100000000013,5.549700000000002,3.0,4.0,92.35,5.0,3.0,1
10.827338400380729,10.827338400380729,296.153,4.364100000000001,2.0,2.0,49.33,4.0,2.0,1
12.100958679768205,12.100958679768205,305.2900000000001,1.7813799999999995,2.0,6.0,127.70000000000002,5.0,1.0,0
13.499650022045854,13.499650022045854,551.6250000000002,4.203900000000003,2.0,10.0,145.65,10.0,4.0,1
13.036860831977588,13.036860831977588,393.50600000000014,3.9165000000000028,0.0,4.0,26.79,5.0,5.0,0
6.385065700148371,6.385065700148371,343.217,4.233520000000002,0.0,4.0,43.07,1.0,4.0,0
11.953987622826908,11.953987622826908,312.4100000000001,1.2854000000000008,2.0,5.0,90.64999999999999,7.0,1.0,0
14.112474962207104,14.112474962207104,306.276,0.7357999999999993,1.0,7.0,81.65,5.0,3.0,1
12.174763794406651,12.174763794406651,248.307,1.6838,2.0,4.0,86.18,2.0,2.0,1
10.479671201814059,10.479671201814059,185.183,0.4805199999999999,1.0,5.0,81.19,3.0,1.0,0
10.04255432728647,10.04255432728647,291.43500000000006,3.4720000000000026,2.0,3.0,41.489999999999995,6.0,2.0,0
14.068549697656842,14.068549697656842,303.68100000000004,-0.3494000000000003,3.0,8.0,119.31,2.0,3.0,0
14.380184870244392,14.380184870244392,383.34700000000004,3.288880000000002,1.0,5.0,87.39,3.0,3.0,0
11.842865847759876,11.842865847759876,329.309,-1.137199999999999,4.0,10.0,143.14000000000001,5.0,2.0,0
12.991000132656877,12.991000132656877,485.50600000000014,5.821520000000004,1.0,5.0,63.69,5.0,4.0,0
13.038479994123708,13.038479994123708,372.5530000000001,3.8145000000000024,2.0,2.0,58.2,1.0,4.0,0
14.197646170593277,14.197646170593277,748.9960000000002,1.9007000000000054,5.0,14.0,180.07999999999998,7.0,3.0,1
11.737431342907534,11.737431342907534,286.718,2.447900000000001,2.0,3.0,61.69,1.0,3.0,0
13.489947153523577,13.489947153523577,547.6740000000003,2.3752999999999997,3.0,8.0,140.42000000000002,11.0,4.0,0
10.928526269705923,10.928526269705923,242.274,3.6670000000000025,1.0,2.0,46.53,4.0,2.0,0
15.315727397237955,15.315727397237955,4491.944999999984,-15.378400000000315,63.0,60.0,1902.8899999999985,151.0,9.0,0
13.808541267475736,13.808541267475736,449.3850000000001,1.6343999999999996,2.0,6.0,100.87,3.0,5.0,0
13.650463200837027,13.650463200837027,398.48200000000014,3.3349400000000022,3.0,3.0,77.23,7.0,3.0,1
6.017667233560091,6.017667233560091,290.794,3.4026000000000023,0.0,3.0,25.36,6.0,2.0,0
13.8677875295187,13.8677875295187,577.5760000000001,-1.2214999999999934,3.0,13.0,183.18000000000004,14.0,3.0,0
13.329457661763307,13.329457661763307,474.5870000000004,1.6109,1.0,8.0,113.42,7.0,4.0,1
13.31063403381377,13.31063403381377,437.5310000000002,4.308100000000004,1.0,5.0,29.950000000000003,6.0,4.0,1
11.73091868228773,11.73091868228773,277.284,-0.8278000000000001,4.0,7.0,130.05,2.0,3.0,0
9.257136034727125,9.257136034727125,286.33900000000006,1.0922999999999998,3.0,7.0,101.88,4.0,4.0,1
11.740121761489005,11.740121761489005,305.34100000000007,2.6407800000000003,0.0,5.0,74.29,3.0,3.0,0
13.740660981985386,13.740660981985386,472.5530000000002,1.1474200000000006,1.0,10.0,116.85999999999999,4.0,5.0,0
13.132147191979655,13.132147191979655,1145.0699999999993,6.156600000000009,6.0,12.0,217.99999999999997,29.0,6.0,0
11.779825719936824,11.779825719936824,437.52900000000017,3.1390399999999996,2.0,8.0,119.02999999999999,5.0,4.0,1
12.40510400919627,12.40510400919627,378.43200000000013,2.9857000000000014,2.0,6.0,110.26,5.0,3.0,0
6.191527777777778,6.191527777777778,179.30699999999996,2.55,1.0,1.0,26.02,1.0,4.0,0
11.75297052154195,11.75297052154195,236.27399999999997,3.3872000000000018,1.0,1.0,46.33,0.0,3.0,1
13.507437851683884,13.507437851683884,416.87200000000007,4.483500000000003,2.0,6.0,88.49,4.0,5.0,0
14.965687565753758,14.965687565753758,700.7910000000003,4.5732000000000035,1.0,12.0,115.70000000000002,12.0,7.0,0
10.358425925925927,10.358425925925927,153.137,0.6725999999999999,3.0,3.0,83.55000000000001,1.0,1.0,1
8.794858222677902,8.794858222677902,383.5170000000001,2.8560000000000016,1.0,6.0,48.3,5.0,4.0,1
10.681464962021488,10.681464962021488,279.321,2.629200000000001,0.0,6.0,70.19,5.0,2.0,0
10.396195830183926,10.396195830183926,623.6570000000005,-1.3538999999999932,12.0,12.0,374.13,13.0,1.0,1
13.589010710799972,13.589010710799972,492.59100000000024,5.6295000000000055,1.0,5.0,77.52000000000001,5.0,5.0,0
11.418943786641764,11.418943786641764,369.4690000000001,3.4647000000000023,1.0,6.0,81.93,7.0,4.0,0
5.546260746595342,5.546260746595342,259.353,2.782700000000001,2.0,4.0,60.17,6.0,2.0,0
6.164212962962964,6.164212962962964,269.388,3.662620000000002,0.0,2.0,12.47,6.0,2.0,0
10.436688082640464,10.436688082640464,325.496,5.341420000000005,1.0,2.0,23.47,7.0,2.0,0
12.539545862536935,12.539545862536935,341.451,3.2414000000000027,2.0,4.0,58.56,11.0,2.0,1
6.025202979339883,6.025202979339883,256.096,2.0098,2.0,5.0,90.71,1.0,2.0,1
10.54075711766188,10.54075711766188,238.24299999999994,0.9608000000000003,2.0,4.0,104.64,5.0,1.0,1
12.477360637886223,12.477360637886223,477.4810000000003,0.9815999999999996,5.0,9.0,207.29999999999995,10.0,3.0,0
11.803412462207106,11.803412462207106,329.3930000000001,2.6830000000000007,2.0,5.0,101.92999999999999,7.0,1.0,0
13.468244022471676,13.468244022471676,446.91000000000037,4.2756000000000025,1.0,7.0,68.74000000000001,8.0,4.0,1
13.867316916540332,13.867316916540332,720.9620000000002,5.905200000000007,4.0,9.0,145.78,17.0,4.0,1
10.260321948223734,10.260321948223734,267.328,2.8499000000000017,2.0,3.0,43.7,0.0,4.0,0
11.219212962962963,11.219212962962963,184.49099999999999,2.3528000000000002,0.0,1.0,9.23,2.0,0.0,1
12.520911359914336,12.520911359914336,369.36800000000005,3.515220000000002,1.0,4.0,67.87,5.0,3.0,1
10.969456830775538,10.969456830775538,349.43399999999997,3.3272200000000014,4.0,3.0,77.15,7.0,3.0,0
12.399415784832453,12.399415784832453,296.40999999999997,4.029500000000003,0.0,2.0,34.14,0.0,4.0,1
15.456754339159914,15.456754339159914,1632.2890000000002,1.5146999999999755,17.0,18.0,512.8699999999998,41.0,8.0,0
10.838410336356764,10.838410336356764,212.22999999999996,0.6163,1.0,4.0,86.19,2.0,2.0,0
11.02640851802919,11.02640851802919,272.37,1.0895,3.0,4.0,78.42999999999999,6.0,1.0,0
13.717844189828108,13.717844189828108,405.357,0.9626999999999997,2.0,6.0,100.87,3.0,4.0,0
14.048314571487925,14.048314571487925,558.6500000000002,6.313600000000007,4.0,5.0,111.79000000000002,12.0,4.0,1
11.151855158730157,11.151855158730157,324.4240000000001,3.173200000000002,1.0,4.0,45.59,4.0,5.0,1
9.665957105064248,9.665957105064248,219.28099999999998,-1.4542999999999995,4.0,5.0,84.16000000000001,4.0,1.0,0
14.433114371922645,14.433114371922645,654.6060000000002,3.1928000000000023,3.0,6.0,118.21000000000002,5.0,7.0,0
13.266821337733134,13.266821337733134,479.5330000000002,3.677800000000003,1.0,8.0,111.01,9.0,3.0,0
9.946664304610733,9.946664304610733,316.4270000000001,0.5024999999999997,2.0,8.0,79.74000000000001,6.0,2.0,0
5.761439998805017,5.761439998805017,253.73700000000005,1.7897,3.0,1.0,88.78999999999999,2.0,1.0,0
11.16883909484108,11.16883909484108,337.3790000000001,3.623100000000003,1.0,6.0,77.24,6.0,3.0,0
15.679012188208617,15.679012188208617,519.5740000000002,5.364900000000002,2.0,7.0,110.85999999999999,5.0,4.0,0
13.639169479552098,13.639169479552098,583.4980000000004,1.1681199999999998,2.0,11.0,182.20999999999995,8.0,5.0,0
11.9494708994709,11.9494708994709,233.31100000000004,2.0853,1.0,3.0,38.33,3.0,2.0,1
10.354560047262865,10.354560047262865,331.4670000000001,1.3224999999999996,2.0,8.0,83.33,10.0,1.0,0
12.777881243223488,12.777881243223488,444.5350000000001,2.7660000000000013,3.0,6.0,96.25000000000001,6.0,5.0,0
14.174015769358707,14.174015769358707,747.9640000000002,2.439700000000005,4.0,14.0,182.91,8.0,3.0,1
10.288871250686276,10.288871250686276,406.482,3.7380000000000018,3.0,5.0,75.74,10.0,4.0,0
13.28298651741615,13.28298651741615,500.4830000000003,5.729500000000005,2.0,3.0,50.36,5.0,4.0,0
12.105486898463088,12.105486898463088,300.745,2.472200000000001,1.0,3.0,52.900000000000006,1.0,3.0,0
14.837316182806163,14.837316182806163,1620.693000000001,-5.621799999999963,22.0,24.0,702.02,35.0,4.0,1
12.06698364425023,12.06698364425023,581.5800000000003,-8.161100000000014,12.0,15.0,336.42999999999995,9.0,3.0,0
12.121545256991684,12.121545256991684,282.33599999999996,2.3949000000000007,0.0,5.0,53.99000000000001,0.0,5.0,0
2.810509259259259,2.810509259259259,243.39399999999995,4.331900000000004,0.0,1.0,3.24,2.0,3.0,1
12.37501560735507,12.37501560735507,354.45,2.6471000000000005,2.0,4.0,65.56,1.0,5.0,0
15.10238933711031,15.10238933711031,489.9310000000001,5.544200000000003,2.0,4.0,91.92,7.0,4.0,0
13.254939373897706,13.254939373897706,352.77000000000004,2.8103000000000007,0.0,6.0,71.06000000000002,3.0,3.0,1
12.745219569006615,12.745219569006615,384.43600000000015,2.1240999999999994,0.0,8.0,80.28,6.0,3.0,0
10.090870653817083,10.090870653817083,327.28999999999996,-4.596829999999994,9.0,8.0,228.85999999999999,7.0,0.0,0
11.469885519022426,11.469885519022426,408.5790000000002,3.448700000000003,4.0,4.0,97.99000000000001,4.0,4.0,0
14.860971798489349,14.860971798489349,1096.347,0.8216000000000119,13.0,14.0,355.0799999999999,17.0,6.0,0
2.3506404320987655,2.3506404320987655,435.1400000000002,4.798600000000005,1.0,1.0,35.0,8.0,2.0,0
13.969669120024214,13.969669120024214,406.4210000000001,2.8006800000000016,1.0,7.0,110.06,0.0,4.0,0
12.824697120356149,12.824697120356149,303.337,3.588400000000001,3.0,4.0,76.38,5.0,2.0,0
14.781343118828438,14.781343118828438,1269.4330000000004,-3.1057000000000246,17.0,16.0,495.8899999999999,31.0,6.0,0
15.161307302194945,15.161307302194945,3283.654999999988,-14.388330000000119,49.0,46.0,1385.0899999999997,108.0,6.0,0
2.601851851851852,2.601851851851852,266.38800000000003,3.0234000000000014,0.0,2.0,6.48,3.0,3.0,0
10.090862970190777,10.090862970190777,525.6130000000004,3.284380000000002,1.0,10.0,112.04,8.0,7.0,0
10.943172993766428,10.943172993766428,250.33799999999994,3.573240000000002,1.0,2.0,46.53,6.0,1.0,1
13.062802063356717,13.062802063356717,405.49500000000006,1.2352000000000014,4.0,5.0,132.96,12.0,2.0,1
12.625068845825426,12.625068845825426,446.55900000000037,2.7245,2.0,8.0,91.21,3.0,6.0,0
10.762815461156773,10.762815461156773,348.446,4.015320000000003,1.0,3.0,53.43000000000001,6.0,3.0,0
12.380803348601557,12.380803348601557,588.2820000000002,3.572700000000002,2.0,8.0,128.22000000000003,11.0,3.0,0
14.118949305607732,14.118949305607732,674.9719999999995,6.624500000000008,1.0,6.0,70.08,13.0,7.0,0
12.952335946914923,12.952335946914923,606.7820000000008,8.682600000000004,2.0,3.0,57.53,14.0,4.0,0
12.801515820728529,12.801515820728529,705.6470000000003,5.5773000000000055,0.0,12.0,104.70000000000002,11.0,7.0,1
13.381654532874112,13.381654532874112,441.4790000000001,3.835020000000002,2.0,5.0,101.21000000000001,4.0,3.0,0
13.26091769386818,13.26091769386818,438.5240000000003,2.5671,2.0,5.0,95.94000000000001,9.0,3.0,0
13.013744816599479,13.013744816599479,397.4680000000001,1.2024000000000001,2.0,7.0,116.12,7.0,2.0,1
6.204052395649617,6.204052395649617,313.788,3.4292000000000016,1.0,4.0,36.86,0.0,4.0,0
10.212962962962962,10.212962962962962,102.093,-1.6248999999999993,2.0,3.0,64.35,0.0,1.0,0
14.054611311688923,14.054611311688923,729.9080000000001,3.4380000000000046,2.0,12.0,146.39000000000001,4.0,10.0,0
9.425925925925926,9.425925925925926,126.00399999999998,-0.1579000000000001,3.0,2.0,94.83,1.0,0.0,0
13.221356764928192,13.221356764928192,362.473,3.864900000000003,0.0,3.0,32.78,2.0,6.0,0
10.797336554622358,10.797336554622358,232.283,1.8551,2.0,2.0,54.120000000000005,4.0,2.0,0
14.361410290130719,14.361410290130719,914.1870000000001,6.180600000000006,3.0,13.0,195.42999999999995,6.0,4.0,1
12.516261905247816,12.516261905247816,336.479,4.136700000000003,0.0,2.0,23.550000000000004,6.0,3.0,0
13.071382826278658,13.071382826278658,452.5950000000003,5.219900000000005,2.0,4.0,78.87,10.0,3.0,0
6.172510551470527,6.172510551470527,473.40700000000015,7.489800000000004,1.0,4.0,42.21,4.0,5.0,0
13.724202569916855,13.724202569916855,268.21599999999995,-1.5665000000000002,4.0,5.0,102.26000000000002,2.0,2.0,0
4.6790948601662885,4.6790948601662885,265.35999999999996,2.4789000000000003,0.0,3.0,19.37,0.0,4.0,1
14.447970692026427,14.447970692026427,373.4490000000001,3.8910000000000036,0.0,5.0,46.61,5.0,4.0,0
13.809625991907426,13.809625991907426,613.803,2.866900000000004,4.0,7.0,118.03000000000002,11.0,5.0,1
12.370387140153795,12.370387140153795,454.44700000000023,0.2684000000000003,5.0,10.0,210.53999999999996,9.0,3.0,1
11.984814814814815,11.984814814814815,130.07799999999997,-0.7977000000000001,2.0,2.0,65.72,0.0,1.0,1
14.116002199510046,14.116002199510046,359.35400000000004,0.7602,3.0,8.0,122.91000000000001,6.0,2.0,0
12.885396644842753,12.885396644842753,450.70700000000033,9.1576,0.0,2.0,34.14,14.0,2.0,0
2.3796296296296298,2.3796296296296298,275.39500000000004,4.553800000000004,0.0,1.0,3.24,3.0,3.0,0
11.986642914882001,11.986642914882001,361.034,1.2660999999999996,4.0,4.0,98.66000000000001,7.0,1.0,0
12.913567058767953,12.913567058767953,317.223,2.4484000000000004,1.0,4.0,92.55000000000001,2.0,2.0,1
10.74650781595826,10.74650781595826,266.34099999999995,0.4521,3.0,4.0,84.58,8.0,1.0,0
11.588954461894335,11.588954461894335,356.44700000000006,3.159600000000001,1.0,5.0,68.28999999999999,7.0,3.0,1
13.655050547996975,13.655050547996975,444.4400000000001,-0.5041999999999984,6.0,9.0,181.62000000000003,2.0,4.0,1
12.533593222821217,12.533593222821217,736.6350000000007,1.6883000000000021,11.0,16.0,297.5,5.0,7.0,1
13.552448205745232,13.552448205745232,485.94700000000023,4.389900000000003,2.0,7.0,88.61000000000001,8.0,4.0,0
12.914860471468966,12.914860471468966,554.5920000000003,-1.6112999999999957,4.0,14.0,214.95999999999998,8.0,4.0,1
11.262534643487024,11.262534643487024,246.09699999999998,1.3358999999999996,2.0,1.0,81.47,2.0,1.0,0
5.441001511715797,5.441001511715797,166.24899999999997,1.2782,1.0,2.0,38.91,2.0,1.0,1
13.254660178886368,13.254660178886368,349.39300000000003,4.438180000000004,0.0,4.0,58.68,3.0,4.0,0
12.63331640526581,12.63331640526581,327.37999999999994,1.3013999999999997,2.0,5.0,70.00000000000001,2.0,5.0,0
11.151855158730157,11.151855158730157,324.4240000000001,3.173200000000002,1.0,4.0,45.59,4.0,5.0,1
12.07979686318972,12.07979686318972,339.4350000000001,2.5125000000000006,2.0,4.0,52.93000000000001,2.0,6.0,0
10.2421053405546,10.2421053405546,454.6110000000003,5.093080000000005,0.0,6.0,63.95,13.0,2.0,1
11.436426209372637,11.436426209372637,228.20799999999997,-2.1387999999999985,3.0,8.0,123.49000000000001,2.0,2.0,0
11.704907407407408,11.704907407407408,217.28999999999996,0.6279000000000001,2.0,3.0,57.61,3.0,1.0,1
12.823652525825146,12.823652525825146,357.494,3.3429000000000024,1.0,4.0,49.769999999999996,7.0,2.0,0
12.173658352229781,12.173658352229781,258.233,0.08779999999999943,1.0,4.0,83.55000000000001,1.0,3.0,1
10.95427059712774,10.95427059712774,315.3690000000001,1.7944,1.0,5.0,51.16000000000001,1.0,5.0,0
9.745119971858804,9.745119971858804,530.4560000000001,5.190380000000005,1.0,8.0,82.88000000000001,9.0,4.0,0
13.518616552130704,13.518616552130704,738.8900000000002,6.222000000000006,4.0,8.0,174.63999999999996,11.0,6.0,1
13.997595695581044,13.997595695581044,688.606,5.736620000000007,1.0,6.0,106.03,8.0,4.0,0
12.853349404985364,12.853349404985364,434.5480000000002,2.7964,2.0,8.0,91.21,5.0,5.0,1
11.64135369425548,11.64135369425548,221.304,1.0488,3.0,3.0,53.160000000000004,5.0,1.0,0
12.707850648179381,12.707850648179381,367.8770000000002,2.0878,2.0,5.0,76.82,6.0,3.0,0
12.384279130325446,12.384279130325446,380.3740000000001,2.9079000000000006,2.0,4.0,78.32,3.0,4.0,0
13.045267483382428,13.045267483382428,597.7600000000001,4.836000000000003,2.0,6.0,108.21,10.0,5.0,0
13.651717214663641,13.651717214663641,444.4400000000001,-0.37099999999999905,6.0,9.0,181.62000000000003,2.0,4.0,1
12.549552211523139,12.549552211523139,417.82200000000006,5.2280000000000015,2.0,4.0,66.49000000000001,5.0,4.0,1
10.245191326530612,10.245191326530612,181.213,-0.5995999999999997,2.0,3.0,83.47,4.0,0.0,0
11.59141463182814,11.59141463182814,264.3249999999999,2.4710999999999994,3.0,3.0,78.43,8.0,1.0,0
13.632785789680632,13.632785789680632,459.5060000000003,2.6996,1.0,6.0,110.76,5.0,5.0,1
12.309287131519273,12.309287131519273,257.289,2.19162,1.0,3.0,59.3,4.0,2.0,0
6.271931173189439,6.271931173189439,314.86,4.528400000000004,0.0,2.0,6.48,4.0,3.0,0
10.349270408450499,10.349270408450499,314.41100000000006,1.4589999999999996,2.0,7.0,83.58,10.0,1.0,1
13.8824765872402,13.8824765872402,450.3450000000002,5.037700000000004,2.0,6.0,77.99,5.0,4.0,1
15.174828143772517,15.174828143772517,1646.8739999999998,-4.099730000000005,23.0,21.0,642.9799999999999,50.0,6.0,0
12.865690282533233,12.865690282533233,495.7450000000004,6.881900000000007,1.0,5.0,81.69999999999999,23.0,1.0,1
13.583774380381524,13.583774380381524,534.4320000000002,4.952100000000002,2.0,5.0,83.24000000000001,6.0,4.0,0
5.739166666666667,5.739166666666667,237.29899999999992,1.4525,1.0,4.0,39.72,5.0,2.0,0
12.927406620055429,12.927406620055429,401.4440000000002,1.8953199999999997,2.0,6.0,112.74,4.0,4.0,1
15.022343643676766,15.022343643676766,1085.1560000000004,-0.2492799999999898,11.0,24.0,358.2,15.0,8.0,1
10.160925925925925,10.160925925925925,123.11099999999996,0.7797999999999998,1.0,2.0,50.19,1.0,1.0,1
13.017899738599143,13.017899738599143,246.194,-1.6835999999999998,3.0,6.0,104.55000000000001,2.0,2.0,1
12.33337144116906,12.33337144116906,278.31200000000007,0.1930000000000005,0.0,7.0,78.89,5.0,2.0,0
10.469040217939028,10.469040217939028,213.189,-0.4569000000000003,5.0,5.0,124.01,3.0,1.0,0
10.186083501301756,10.186083501301756,206.33199999999994,2.785100000000001,1.0,3.0,37.3,5.0,1.0,0
12.23634429093033,12.23634429093033,435.8890000000001,2.5199,1.0,6.0,88.18,5.0,4.0,1
5.615394935752079,5.615394935752079,179.26299999999995,2.0294399999999997,1.0,2.0,35.25,3.0,1.0,1
12.375394463340893,12.375394463340893,255.273,2.291,1.0,3.0,59.3,3.0,3.0,0
11.396485260770977,11.396485260770977,174.203,1.7992,0.0,2.0,32.67,1.0,2.0,0
10.164167159032779,10.164167159032779,355.8690000000001,5.179200000000005,2.0,4.0,48.39,6.0,3.0,1
14.128938807784614,14.128938807784614,426.3870000000001,2.5575,3.0,9.0,146.85999999999999,4.0,4.0,0
13.727088797818137,13.727088797818137,377.3660000000001,3.2757000000000014,1.0,4.0,62.300000000000004,4.0,3.0,0
12.40631798159142,12.40631798159142,651.7940000000003,1.8635000000000042,2.0,12.0,126.77000000000002,24.0,5.0,0
14.644582124325087,14.644582124325087,2874.5669999999923,21.252820000000014,13.0,34.0,624.41,42.0,22.0,1
13.637492571778735,13.637492571778735,450.9300000000002,4.111320000000004,0.0,7.0,80.29,3.0,5.0,0
4.470307067271353,4.470307067271353,206.31400000000002,2.4953000000000003,0.0,3.0,15.6,2.0,2.0,0
12.570133265503936,12.570133265503936,444.38400000000007,3.019800000000003,4.0,7.0,142.60000000000002,5.0,4.0,0
14.305086568339252,14.305086568339252,804.0310000000002,4.639000000000004,3.0,12.0,178.35999999999999,7.0,4.0,1
11.852874944169585,11.852874944169585,312.453,3.882600000000004,1.0,2.0,37.3,0.0,4.0,1
5.01073223733938,5.01073223733938,312.4420000000001,3.4392200000000033,1.0,5.0,30.870000000000005,0.0,4.0,1
11.35134480346224,11.35134480346224,441.53500000000025,4.029580000000002,2.0,5.0,102.29,7.0,5.0,0
10.300633660871757,10.300633660871757,194.23399999999995,0.6517000000000002,2.0,3.0,78.34,4.0,1.0,0
9.929827097505669,9.929827097505669,129.159,0.3645000000000001,2.0,2.0,63.31999999999999,4.0,0.0,0
6.691467151675484,6.691467151675484,344.845,5.376700000000004,0.0,2.0,17.82,4.0,4.0,0
12.840378480095742,12.840378480095742,312.4130000000001,2.5349000000000013,0.0,2.0,40.620000000000005,1.0,4.0,0
12.480075585789873,12.480075585789873,300.745,3.3712000000000018,0.0,2.0,40.620000000000005,1.0,3.0,0
12.951903817082389,12.951903817082389,344.3190000000001,1.4998199999999995,2.0,7.0,117.97000000000001,2.0,3.0,1
13.13985119047619,13.13985119047619,315.41700000000003,1.1579799999999998,2.0,4.0,90.35,2.0,6.0,0
13.54334775275874,13.54334775275874,608.6880000000003,4.171100000000004,1.0,10.0,117.78000000000002,8.0,6.0,0
12.676696802746832,12.676696802746832,776.3660000000004,2.8505000000000034,7.0,15.0,255.90999999999994,15.0,3.0,0
6.34462962962963,6.34462962962963,297.423,4.630900000000003,1.0,3.0,21.259999999999998,6.0,3.0,1
12.314491685563116,12.314491685563116,273.248,-0.33000000000000046,2.0,5.0,109.57000000000001,1.0,3.0,0
12.194759175275049,12.194759175275049,467.65000000000026,4.413800000000005,2.0,5.0,62.16000000000001,4.0,8.0,1
10.455918839758127,10.455918839758127,218.25299999999996,0.9834000000000003,2.0,4.0,104.64,6.0,0.0,0
6.49125,6.49125,179.307,2.6941000000000006,1.0,1.0,26.02,0.0,4.0,0
14.07419212914988,14.07419212914988,719.924,2.5835000000000052,4.0,8.0,158.47,20.0,4.0,0
13.297985595508315,13.297985595508315,470.6060000000002,3.352900000000002,2.0,6.0,96.36000000000001,3.0,6.0,1
12.900963325144875,12.900963325144875,424.9910000000001,0.3895000000000021,4.0,7.0,102.26000000000002,7.0,2.0,1
14.408252526443814,14.408252526443814,390.4670000000001,4.309900000000004,2.0,4.0,83.83000000000001,11.0,2.0,0
6.089866010107087,6.089866010107087,480.53200000000027,5.093520000000003,2.0,10.0,110.85000000000001,5.0,6.0,0
12.223172398589064,12.223172398589064,320.253,0.8919000000000001,6.0,8.0,147.68,1.0,3.0,0
11.303411674855127,11.303411674855127,265.222,-2.890899999999998,5.0,8.0,151.92000000000002,3.0,1.0,0
14.425629624280766,14.425629624280766,822.9529999999996,4.3354200000000045,6.0,15.0,220.14999999999998,4.0,6.0,1
10.524468537414966,10.524468537414966,151.165,1.3505999999999998,2.0,2.0,49.33,1.0,1.0,1
11.51406229705657,11.51406229705657,496.6330000000002,3.8980000000000032,1.0,7.0,101.49000000000001,12.0,3.0,0
12.881264408541194,12.881264408541194,408.88200000000035,2.2663,2.0,7.0,99.88,8.0,2.0,1
13.370045223935916,13.370045223935916,444.4880000000002,-0.1392000000000001,8.0,10.0,163.18,12.0,3.0,0
12.832152655445405,12.832152655445405,388.81500000000005,1.5679999999999996,0.0,7.0,91.75999999999999,2.0,4.0,0
14.666202419213784,14.666202419213784,580.4660000000005,3.094500000000002,4.0,12.0,186.72,10.0,4.0,0
12.483462172502751,12.483462172502751,427.54500000000013,2.3080400000000005,2.0,6.0,74.27000000000001,9.0,3.0,0
12.371875944822374,12.371875944822374,285.365,2.1955,1.0,3.0,74.68,7.0,1.0,0
12.180597127739983,12.180597127739983,273.244,2.545420000000002,2.0,5.0,100.67,3.0,2.0,1
13.323693681736057,13.323693681736057,409.4320000000001,4.8883000000000045,2.0,3.0,60.77000000000001,6.0,4.0,1
13.623075131338119,13.623075131338119,585.6160000000002,2.5198,4.0,8.0,177.72000000000003,13.0,3.0,0
11.123831884605693,11.123831884605693,241.29,3.7452400000000017,2.0,2.0,49.33,3.0,2.0,0
6.482111678004534,6.482111678004534,343.8980000000002,5.104400000000005,0.0,2.0,12.47,6.0,3.0,0
11.47381699519416,11.47381699519416,260.381,2.845700000000001,1.0,2.0,32.34,7.0,2.0,0
2.562827407197447,2.562827407197447,370.5870000000001,5.8856000000000055,0.0,4.0,6.48,4.0,4.0,1
11.975790816326532,11.975790816326532,232.239,0.7003999999999997,2.0,3.0,75.27000000000001,2.0,2.0,1
12.907987012336308,12.907987012336308,418.44600000000025,2.9708000000000014,1.0,8.0,117.0,8.0,2.0,0
13.367320213056143,13.367320213056143,324.399,3.812980000000003,0.0,3.0,36.26,5.0,3.0,1
14.607685185185183,14.607685185185183,331.34700000000004,1.5833,2.0,5.0,74.57000000000001,3.0,4.0,1
10.843707482993198,10.843707482993198,170.237,1.38499,2.0,2.0,48.65,2.0,1.0,1
13.271381624516717,13.271381624516717,407.5050000000001,4.945600000000004,0.0,4.0,9.72,4.0,4.0,0
12.666472782218182,12.666472782218182,359.4510000000002,2.989420000000001,1.0,5.0,77.10000000000001,8.0,3.0,0
11.552106324011087,11.552106324011087,231.25500000000002,1.41762,2.0,4.0,67.16,4.0,2.0,0
12.125288543704293,12.125288543704293,372.54900000000015,6.264000000000007,1.0,3.0,46.53,6.0,3.0,0
11.682120452749512,11.682120452749512,369.41700000000014,1.9886,0.0,6.0,65.07000000000001,2.0,5.0,0
13.195604131509649,13.195604131509649,426.56000000000034,3.9575000000000022,1.0,3.0,55.56,7.0,5.0,0
10.926882716049382,10.926882716049382,214.05199999999996,1.157,1.0,3.0,61.77,5.0,0.0,0
6.1997685185185185,6.1997685185185185,198.26899999999995,2.6958,1.0,2.0,38.91,0.0,3.0,1
11.373715947026959,11.373715947026959,279.18899999999996,-1.6617999999999997,4.0,7.0,147.9,6.0,1.0,0
13.41591174339596,13.41591174339596,488.61400000000043,2.0704199999999995,1.0,8.0,112.89999999999999,8.0,4.0,0
13.0753650604079,13.0753650604079,456.5720000000001,2.7171000000000003,3.0,6.0,110.43,6.0,4.0,0
9.196856837360265,9.196856837360265,307.47800000000007,3.2043000000000013,3.0,3.0,66.48,12.0,1.0,1
13.498317422929825,13.498317422929825,411.473,4.628100000000005,3.0,4.0,82.69000000000001,8.0,3.0,1
9.765056141163331,9.765056141163331,422.9200000000001,4.2668000000000035,2.0,6.0,92.51,8.0,4.0,1
11.376752173091457,11.376752173091457,260.334,2.0227,2.0,4.0,90.65,7.0,0.0,0
5.317777777777778,5.317777777777778,94.117,0.6638000000000001,1.0,2.0,38.91,0.0,1.0,0
12.32688192023825,12.32688192023825,422.4490000000002,1.7323999999999995,3.0,9.0,135.95000000000002,7.0,4.0,0
14.30244457042076,14.30244457042076,325.774,4.324220000000002,0.0,3.0,30.18,1.0,4.0,0
5.857396779890918,5.857396779890918,393.4430000000002,3.405100000000002,1.0,7.0,74.73,10.0,3.0,1
13.237431215369526,13.237431215369526,378.316,4.447900000000003,2.0,3.0,45.150000000000006,2.0,3.0,0
5.75,5.75,189.22399999999996,0.15769999999999995,0.0,1.0,9.03,3.0,3.0,0
10.914035336356765,10.914035336356765,267.676,1.1630999999999996,1.0,6.0,95.92,4.0,2.0,0
6.2313363462669,6.2313363462669,327.81500000000005,3.7714000000000025,0.0,4.0,28.07,0.0,4.0,0
11.73595180336839,11.73595180336839,441.54900000000015,4.374260000000003,2.0,6.0,84.86,5.0,4.0,1
11.887494016124968,11.887494016124968,234.20199999999997,2.7771,1.0,4.0,48.14,1.0,2.0,1
13.451269369292458,13.451269369292458,448.9500000000003,5.683140000000005,2.0,3.0,69.64,3.0,4.0,1
12.991396627675694,12.991396627675694,451.4830000000002,1.7177999999999995,1.0,9.0,112.27000000000001,4.0,5.0,0
6.214964471960092,6.214964471960092,405.96900000000005,6.215000000000006,0.0,2.0,12.47,9.0,3.0,0
13.901716925100313,13.901716925100313,602.5850000000002,2.3121800000000006,4.0,13.0,203.54999999999998,13.0,4.0,0
14.795061696223737,14.795061696223737,615.403,3.940120000000002,2.0,8.0,107.13,5.0,5.0,0
11.50527730536659,11.50527730536659,224.216,-0.7090800000000002,2.0,5.0,84.32000000000001,2.0,2.0,1
14.718111690190028,14.718111690190028,847.0189999999994,4.749420000000005,5.0,14.0,209.04,4.0,6.0,0
14.983653155706726,14.983653155706726,361.3730000000001,1.544,1.0,6.0,75.01,2.0,4.0,1
17.75463715533195,17.75463715533195,6924.91500000001,-6.638760000000184,29.0,148.0,2307.9499999999957,122.0,50.0,0
12.680257542831948,12.680257542831948,345.42400000000004,2.8997400000000013,1.0,5.0,77.10000000000001,5.0,3.0,1
12.733378577153553,12.733378577153553,524.6910000000004,4.823620000000004,3.0,8.0,108.48,10.0,4.0,0
12.445366201992368,12.445366201992368,495.54200000000014,3.0711000000000013,3.0,6.0,97.05000000000001,13.0,3.0,0
9.17537037037037,9.17537037037037,163.173,-2.9667999999999983,5.0,5.0,92.95,1.0,1.0,0
14.494908824640966,14.494908824640966,319.336,1.2683,2.0,5.0,74.57000000000001,3.0,3.0,1
10.547858481355505,10.547858481355505,314.46900000000005,5.846500000000007,2.0,2.0,40.46,6.0,2.0,0
12.542943968692978,12.542943968692978,404.55100000000016,3.432300000000003,2.0,5.0,71.03000000000002,11.0,3.0,0
11.395483749055177,11.395483749055177,194.15399999999997,-2.0781,1.0,7.0,108.17,1.0,2.0,1
13.031127683922065,13.031127683922065,444.4230000000001,0.9115200000000004,3.0,9.0,152.24,6.0,3.0,0
14.399143789945558,14.399143789945558,428.4430000000002,2.9475000000000016,2.0,6.0,86.00000000000001,3.0,5.0,0
14.027313957620594,14.027313957620594,569.6620000000001,4.159040000000001,4.0,6.0,164.63000000000002,11.0,4.0,1
12.554885176066703,12.554885176066703,403.212,5.030900000000003,1.0,4.0,60.45,7.0,3.0,0
12.376451737362633,12.376451737362633,374.44800000000015,3.391580000000001,3.0,4.0,96.84,3.0,4.0,0
10.351172034657484,10.351172034657484,376.24,1.7749000000000001,4.0,7.0,99.77000000000001,4.0,3.0,0
14.04727193634637,14.04727193634637,585.6580000000001,0.3566000000000029,7.0,11.0,205.76000000000002,6.0,4.0,0
13.233344159523778,13.233344159523778,506.70900000000023,4.050520000000002,3.0,7.0,112.05,2.0,3.0,0
13.385114087700737,13.385114087700737,588.5620000000005,1.3385999999999993,3.0,13.0,160.83,5.0,7.0,1
14.56218300448036,14.56218300448036,785.8909999999998,6.157840000000006,5.0,13.0,198.37999999999997,2.0,6.0,0
14.16379876224927,14.16379876224927,422.4240000000002,2.4427000000000003,2.0,9.0,138.07,4.0,4.0,0
12.918571200867342,12.918571200867342,390.4090000000001,3.170600000000001,1.0,4.0,44.269999999999996,4.0,4.0,0
12.350300347233066,12.350300347233066,270.21,3.2541200000000012,1.0,3.0,55.13,2.0,2.0,1
11.197222222222223,11.197222222222223,170.212,-0.12729999999999997,1.0,2.0,63.400000000000006,3.0,1.0,1
13.676143568611568,13.676143568611568,556.7690000000003,7.0490000000000075,1.0,6.0,88.85,18.0,3.0,1
10.532445200302343,10.532445200302343,176.124,-1.4073999999999995,4.0,6.0,107.22000000000001,2.0,1.0,0
13.22010944926491,13.22010944926491,504.6530000000003,1.5599000000000007,2.0,7.0,111.95,8.0,4.0,0
10.916244733634706,10.916244733634706,230.26299999999998,3.036500000000001,1.0,2.0,46.53,3.0,2.0,1
15.329114813921908,15.329114813921908,717.7790000000002,4.584580000000005,2.0,12.0,159.37,13.0,5.0,0
12.094735024909088,12.094735024909088,446.5110000000002,3.6566000000000014,3.0,7.0,129.81,8.0,4.0,0
12.008679033341732,12.008679033341732,314.36199999999997,2.5577000000000005,0.0,4.0,60.44,3.0,3.0,1
12.41230678382464,12.41230678382464,308.333,3.6096000000000035,1.0,4.0,67.51,4.0,3.0,1
6.242048374905517,6.242048374905517,359.66499999999996,6.037300000000002,1.0,3.0,37.91,3.0,3.0,0
6.130140778533635,6.130140778533635,253.718,1.7157999999999998,2.0,6.0,62.2,1.0,3.0,1
9.300534139581758,9.300534139581758,228.24699999999999,2.973800000000002,3.0,3.0,60.69,2.0,2.0,0
13.08916942239859,13.08916942239859,389.4110000000001,2.2113000000000005,1.0,4.0,74.87,1.0,6.0,0
13.507168228709743,13.507168228709743,481.54600000000016,2.401700000000001,3.0,7.0,140.92,10.0,2.0,1
11.621369122650236,11.621369122650236,324.34100000000007,-0.7975999999999979,3.0,9.0,151.14,7.0,2.0,0
9.78675855064248,9.78675855064248,248.32600000000002,1.9055999999999997,3.0,3.0,57.28,6.0,2.0,0
12.430056519298146,12.430056519298146,424.5340000000002,2.440400000000001,4.0,6.0,124.29000000000002,10.0,2.0,1
12.870229710195579,12.870229710195579,451.9140000000001,4.135170000000002,3.0,5.0,107.41000000000001,6.0,3.0,0
11.83092411383818,11.83092411383818,424.52200000000016,4.744400000000003,2.0,5.0,92.42,10.0,3.0,0
5.978227198286721,5.978227198286721,230.09799999999998,2.3645000000000005,2.0,3.0,36.42,1.0,2.0,0
15.48379501966039,15.48379501966039,853.9180000000003,3.735700000000004,4.0,14.0,221.28999999999996,10.0,7.0,0
2.41962962962963,2.41962962962963,277.411,4.168600000000003,0.0,1.0,3.24,3.0,3.0,1
9.887857142857143,9.887857142857143,268.273,-0.9890000000000003,4.0,8.0,112.13000000000001,2.0,3.0,0
12.758649624788877,12.758649624788877,480.5290000000004,0.6848000000000003,2.0,11.0,142.01,7.0,5.0,0
13.755841478196725,13.755841478196725,487.50900000000024,-0.04279999999999795,5.0,10.0,173.85999999999999,5.0,4.0,0
14.147755889392794,14.147755889392794,380.35800000000006,2.6285000000000007,2.0,6.0,88.49000000000001,2.0,5.0,0
12.271951530612245,12.271951530612245,559.0520000000001,3.4006000000000007,4.0,11.0,194.25,7.0,4.0,1
13.403308610481231,13.403308610481231,392.519,3.7697000000000034,1.0,3.0,46.53,4.0,5.0,0
14.672971957704325,14.672971957704325,1025.181999999999,-0.6490000000000122,13.0,11.0,378.9699999999999,17.0,5.0,0
5.8655552899488095,5.8655552899488095,295.8539999999999,4.165200000000004,0.0,2.0,12.47,8.0,2.0,0
14.519717277117376,14.519717277117376,464.44400000000013,3.992480000000003,1.0,4.0,76.44,3.0,3.0,0
5.690909312799194,5.690909312799194,211.33399999999997,1.5821999999999998,2.0,4.0,50.94,3.0,2.0,0
10.440693027210884,10.440693027210884,285.343,1.1981,2.0,4.0,52.93000000000001,0.0,5.0,0
12.31310941043084,12.31310941043084,252.273,1.7696,2.0,2.0,58.2,2.0,3.0,1
3.2141573444626297,3.2141573444626297,291.438,4.877300000000004,0.0,1.0,3.24,4.0,2.0,1
13.519591364323507,13.519591364323507,250.19999999999996,3.035600000000001,2.0,2.0,57.53,2.0,2.0,1
13.716095707419719,13.716095707419719,693.7320000000003,8.382100000000007,2.0,3.0,61.440000000000005,10.0,6.0,1
11.789372952884861,11.789372952884861,321.163,3.1013000000000015,2.0,3.0,61.69,1.0,3.0,0
13.655534832793407,13.655534832793407,356.41800000000006,4.365500000000003,1.0,2.0,54.370000000000005,4.0,3.0,1
13.751007455134232,13.751007455134232,419.38400000000007,1.3527999999999996,2.0,6.0,100.87,3.0,4.0,0
12.610318901097013,12.610318901097013,465.51700000000017,3.3126000000000015,2.0,7.0,118.51,4.0,5.0,0
13.155177390400606,13.155177390400606,540.7080000000002,1.4296000000000006,4.0,8.0,142.7,2.0,2.0,1
12.413533320735702,12.413533320735702,384.4350000000001,0.5479999999999997,3.0,6.0,124.01,5.0,3.0,0
5.214100844041321,5.214100844041321,171.243,1.8967,1.0,1.0,12.03,2.0,2.0,0
9.077905528448838,9.077905528448838,403.9790000000002,3.9427000000000034,1.0,5.0,29.950000000000003,6.0,4.0,0
9.897703058075082,9.897703058075082,234.29499999999996,2.835500000000002,1.0,3.0,38.69,2.0,2.0,0
12.169097081657359,12.169097081657359,561.7010000000002,5.250500000000006,3.0,9.0,146.13,26.0,1.0,0
13.419151133402021,13.419151133402021,533.6120000000002,4.200140000000003,3.0,9.0,135.53,8.0,5.0,0
14.856309840199316,14.856309840199316,784.8880000000003,4.188940000000003,4.0,14.0,164.27999999999997,3.0,11.0,0
14.983653155706726,14.983653155706726,361.3730000000001,1.544,1.0,6.0,75.01,2.0,4.0,1
13.346875708616778,13.346875708616778,460.5080000000002,2.4342000000000006,1.0,7.0,119.08,8.0,3.0,0
12.578430739026395,12.578430739026395,585.6080000000003,-8.424200000000015,13.0,17.0,331.94,10.0,3.0,0
3.2441748551272362,3.2441748551272362,266.388,3.5328000000000026,1.0,2.0,15.27,4.0,3.0,0
8.04861111111111,8.04861111111111,165.40300000000002,0.6673000000000002,2.0,2.0,40.46,0.0,0.0,0
6.228015890512583,6.228015890512583,308.772,3.5801200000000017,0.0,4.0,43.07,1.0,4.0,0
15.752758067156968,15.752758067156968,4117.786999999984,-15.240260000000273,60.0,57.0,1752.6499999999987,144.0,6.0,0
13.600453514739229,13.600453514739229,315.67799999999994,4.073100000000001,1.0,2.0,38.33,0.0,3.0,1
12.926528252263214,12.926528252263214,539.6360000000003,4.039400000000003,2.0,7.0,101.47,7.0,5.0,1
12.280741685563115,12.280741685563115,259.265,0.029799999999999494,2.0,4.0,92.5,1.0,3.0,1
12.56453067748883,12.56453067748883,309.33099999999996,4.435000000000003,1.0,2.0,21.259999999999998,6.0,2.0,1
10.686611093932523,10.686611093932523,305.2049999999999,1.925,2.0,3.0,66.55999999999999,8.0,1.0,1
15.430121607666146,15.430121607666146,529.4580000000002,1.6564999999999994,3.0,10.0,158.17999999999995,10.0,3.0,1
15.638851993339904,15.638851993339904,4858.569999999988,-22.912530000000242,70.0,71.0,2060.159999999998,169.0,8.0,0
9.843953766691861,9.843953766691861,259.349,2.577500000000001,2.0,3.0,41.489999999999995,6.0,2.0,0
12.620933135992377,12.620933135992377,926.107000000001,0.9357000000000051,12.0,17.0,319.60999999999996,3.0,3.0,0
6.037304924321911,6.037304924321911,319.88,4.810600000000004,1.0,3.0,28.16,8.0,2.0,0
12.962956678245728,12.962956678245728,483.96000000000026,2.4318000000000004,3.0,9.0,125.39,9.0,4.0,0
12.711546857940705,12.711546857940705,341.407,1.5253999999999994,2.0,5.0,70.00000000000001,2.0,6.0,0
13.888363123306931,13.888363123306931,323.3709999999999,2.9793000000000003,3.0,2.0,56.919999999999995,3.0,4.0,0
13.12548351827212,13.12548351827212,381.3790000000001,3.5139200000000015,1.0,4.0,77.98,3.0,3.0,1
10.383148148148148,10.383148148148148,122.12699999999998,0.1805,1.0,2.0,55.980000000000004,1.0,1.0,0
9.647083333333335,9.647083333333335,104.10499999999999,-0.15649999999999997,2.0,2.0,57.53,3.0,0.0,0
12.075732222704954,12.075732222704954,386.48,4.6391000000000036,2.0,4.0,70.67,5.0,4.0,0
13.794964350228447,13.794964350228447,604.1300000000001,4.732980000000005,0.0,8.0,88.83000000000001,7.0,6.0,0
6.87431546463652,6.87431546463652,405.9690000000001,6.562600000000007,0.0,2.0,12.47,9.0,3.0,1
12.613219375942029,12.613219375942029,924.091000000001,0.7117000000000056,12.0,17.0,319.60999999999996,3.0,3.0,1
12.089914965986395,12.089914965986395,307.28700000000003,2.2289000000000003,1.0,7.0,111.43,4.0,2.0,0
11.909660008631626,11.909660008631626,426.8600000000001,4.071900000000001,3.0,5.0,115.57,6.0,4.0,0
12.259874100153471,12.259874100153471,398.8540000000001,2.670080000000001,3.0,6.0,119.62000000000002,6.0,3.0,0
11.218276132263385,11.218276132263385,441.5750000000001,1.9828999999999997,2.0,6.0,104.81,11.0,2.0,0
6.19886546079337,6.19886546079337,285.774,4.258500000000003,0.0,2.0,12.47,0.0,4.0,0
13.362128376723248,13.362128376723248,426.4880000000001,4.826600000000004,0.0,6.0,64.8,8.0,4.0,0
5.3966666666666665,5.3966666666666665,167.197,0.5976899999999998,3.0,4.0,83.38,0.0,2.0,1
12.26726515911286,12.26726515911286,441.40400000000017,-0.044799999999998674,6.0,9.0,213.28,9.0,3.0,0
11.564203987150416,11.564203987150416,242.231,-1.5142799999999992,3.0,6.0,104.55000000000001,2.0,2.0,0
11.05827335979101,11.05827335979101,295.379,1.5298999999999998,2.0,5.0,67.79,9.0,1.0,0
15.320222505668934,15.320222505668934,401.43800000000016,2.3705,2.0,6.0,83.8,4.0,5.0,1
13.482554519894887,13.482554519894887,498.5760000000004,2.5843000000000007,2.0,7.0,114.40000000000002,11.0,3.0,0
11.566336089633964,11.566336089633964,412.94600000000014,3.809000000000002,1.0,5.0,48.47,4.0,5.0,0
12.580764361300076,12.580764361300076,384.2590000000001,3.9643000000000024,1.0,5.0,64.63,4.0,2.0,0
16.69112408489208,16.69112408489208,6963.528999999986,-40.781499999999575,99.0,108.0,3086.8900000000053,165.0,10.0,0
12.04826467624087,12.04826467624087,314.72800000000007,2.5827,2.0,3.0,78.76,2.0,3.0,0
13.465561627609393,13.465561627609393,461.55600000000015,5.8570000000000055,1.0,3.0,41.03,7.0,5.0,0
13.436980778467175,13.436980778467175,602.6750000000001,7.325500000000007,2.0,6.0,105.59,11.0,4.0,0
12.54410608112493,12.54410608112493,404.54700000000025,4.195500000000004,1.0,5.0,72.83000000000001,6.0,3.0,1
14.70737711355845,14.70737711355845,812.0179999999997,4.929200000000005,1.0,14.0,171.84999999999997,11.0,5.0,1
10.045431705089442,10.045431705089442,297.2710000000001,-1.9713999999999987,4.0,10.0,148.77,3.0,3.0,0
12.509903293340273,12.509903293340273,385.5120000000001,2.0881999999999996,0.0,6.0,69.64000000000001,6.0,4.0,0
14.947507547297596,14.947507547297596,1681.9150000000004,-8.148299999999962,23.0,27.0,718.13,28.0,3.0,0
14.447913991622054,14.447913991622054,337.35100000000017,1.1235999999999995,1.0,5.0,71.11,4.0,3.0,1
14.938285462593534,14.938285462593534,506.6050000000003,4.936920000000004,1.0,8.0,75.0,7.0,5.0,0
6.043289526877397,6.043289526877397,369.4250000000001,2.740520000000001,3.0,8.0,117.54,6.0,3.0,0
12.501906809019903,12.501906809019903,331.353,1.5810000000000002,2.0,5.0,99.60000000000001,2.0,3.0,1
11.676234410430839,11.676234410430839,260.253,1.1077,1.0,5.0,90.06,5.0,2.0,0
12.062222222222223,12.062222222222223,205.30100000000002,2.5996000000000006,0.0,2.0,20.310000000000002,5.0,1.0,0
13.588031555635721,13.588031555635721,645.3190000000002,6.936200000000007,0.0,4.0,42.68,11.0,3.0,1
14.038418163676551,14.038418163676551,556.6600000000002,1.1657000000000024,6.0,10.0,176.66000000000005,6.0,4.0,0
2.46875,2.46875,140.19,-1.0197999999999992,0.0,4.0,12.96,0.0,4.0,0
12.364822373393801,12.364822373393801,273.35699999999997,2.01,1.0,2.0,60.16,5.0,2.0,0
11.247552441693543,11.247552441693543,328.41200000000003,2.1353999999999997,4.0,4.0,95.58,8.0,2.0,1
13.908760085263062,13.908760085263062,519.6870000000005,1.711200000000003,4.0,5.0,150.70000000000002,8.0,3.0,1
2.5150462962962963,2.5150462962962963,280.415,3.8750000000000027,0.0,2.0,6.48,4.0,3.0,1
12.671779743436957,12.671779743436957,592.6910000000003,-5.361100000000008,11.0,15.0,269.29,13.0,3.0,0
13.360507217529431,13.360507217529431,428.5400000000001,4.777400000000004,1.0,5.0,87.13000000000001,7.0,5.0,1
13.025323417947426,13.025323417947426,414.4980000000003,3.124500000000002,0.0,6.0,82.2,1.0,6.0,0
11.410637676366843,11.410637676366843,225.208,-1.3317999999999997,3.0,7.0,119.05,4.0,2.0,0
12.327670302174699,12.327670302174699,552.7240000000004,2.6972000000000014,3.0,10.0,121.11,9.0,5.0,0
12.14287430713026,12.14287430713026,302.238,1.9880000000000009,5.0,7.0,131.36,1.0,3.0,0
15.112370497571515,15.112370497571515,1526.767000000001,-5.939200000000026,19.0,26.0,573.91,13.0,6.0,0
12.34291413022203,12.34291413022203,411.5860000000001,5.381100000000005,1.0,4.0,49.77,10.0,2.0,0
12.642141291331857,12.642141291331857,399.44300000000015,2.8716000000000017,1.0,6.0,83.09000000000002,5.0,3.0,0
12.520891891305435,12.520891891305435,471.5610000000002,4.222600000000002,2.0,6.0,102.48,6.0,5.0,0
10.000722988231104,10.000722988231104,315.48199999999997,4.265700000000004,1.0,3.0,23.47,6.0,3.0,0
11.387051401981054,11.387051401981054,287.297,0.6405999999999996,0.0,7.0,106.02000000000001,3.0,2.0,0
15.162598083500317,15.162598083500317,1214.6459999999984,3.4351000000000047,5.0,12.0,278.8,16.0,1.0,0
14.563571359162989,14.563571359162989,434.4710000000001,2.3473999999999995,1.0,4.0,86.37,4.0,5.0,0
15.371884999261665,15.371884999261665,558.5630000000002,0.1374000000000013,6.0,10.0,193.73,5.0,5.0,0
3.625948321871625,3.625948321871625,502.79600000000045,0.41580000000000733,6.0,8.0,78.66,4.0,3.0,0
13.575254151324886,13.575254151324886,421.4680000000001,4.518100000000005,3.0,4.0,90.65,8.0,4.0,0
10.056574074074074,10.056574074074074,182.222,-0.24759999999999993,4.0,4.0,74.6,3.0,0.0,0
12.693081800261478,12.693081800261478,488.01700000000034,3.313540000000002,3.0,9.0,106.50999999999999,7.0,4.0,0
13.749237560066174,13.749237560066174,572.75,4.734660000000004,2.0,6.0,86.9,9.0,5.0,0
12.877350276425577,12.877350276425577,470.0170000000003,3.5519000000000016,0.0,7.0,55.53,10.0,4.0,1
12.184661801091726,12.184661801091726,416.5830000000003,4.852300000000005,0.0,5.0,60.44,1.0,5.0,0
12.092577995997907,12.092577995997907,413.1730000000002,3.2800400000000014,2.0,8.0,149.46,3.0,3.0,0
6.1933796296296295,6.1933796296296295,255.361,3.7246200000000025,1.0,2.0,21.259999999999998,6.0,2.0,1
13.280251990574335,13.280251990574335,405.4410000000001,2.363600000000001,3.0,5.0,70.95,6.0,4.0,0
11.534818594104308,11.534818594104308,185.226,2.1459200000000003,0.0,2.0,22.0,1.0,2.0,0
5.903168934240362,5.903168934240362,253.26899999999995,0.8333999999999999,3.0,7.0,129.62,1.0,3.0,0
6.188227058313036,6.188227058313036,294.745,3.271700000000002,0.0,4.0,43.07,1.0,4.0,0
11.950731899627797,11.950731899627797,389.45600000000013,1.3507000000000002,2.0,8.0,111.83000000000001,8.0,3.0,1
14.874520738851094,14.874520738851094,389.3870000000001,0.9659999999999995,2.0,8.0,123.04,5.0,4.0,0
11.48207767600822,11.48207767600822,586.1970000000003,8.948000000000002,2.0,4.0,70.42,12.0,5.0,1
12.294248472537163,12.294248472537163,321.829,3.6739000000000024,0.0,4.0,29.54,3.0,3.0,1
13.9491350105762,13.9491350105762,1058.052,6.234400000000012,7.0,18.0,266.6599999999999,13.0,4.0,0
11.112801410232034,11.112801410232034,373.3680000000001,3.7107000000000023,3.0,6.0,108.47,4.0,4.0,1
10.418623551272361,10.418623551272361,197.19,0.05219999999999969,4.0,4.0,103.78,3.0,1.0,0
6.135091818196513,6.135091818196513,390.9580000000001,5.5556200000000056,0.0,2.0,6.48,5.0,4.0,0
12.876351095993952,12.876351095993952,388.42000000000013,3.2018000000000013,1.0,7.0,107.77,6.0,2.0,0
13.040975051980608,13.040975051980608,560.4860000000003,5.3544000000000045,2.0,8.0,95.09,8.0,4.0,0
10.479351851851852,10.479351851851852,144.214,2.2874,1.0,1.0,37.3,5.0,0.0,1
9.97286643361048,9.97286643361048,287.359,1.8503000000000003,1.0,4.0,41.93000000000001,1.0,4.0,0
15.136821223859911,15.136821223859911,457.6870000000001,3.525600000000001,3.0,6.0,88.41000000000001,6.0,3.0,0
12.899770309560315,12.899770309560315,558.1480000000001,6.361920000000006,3.0,8.0,105.23999999999998,9.0,4.0,0
14.661563636564466,14.661563636564466,862.7460000000004,-1.0956000000000001,12.0,18.0,347.96000000000004,9.0,8.0,0
11.682457482993197,11.682457482993197,212.29299999999998,0.8989,1.0,2.0,63.400000000000006,5.0,1.0,0
13.43080267349532,13.43080267349532,581.0690000000003,6.139100000000004,2.0,8.0,106.35000000000001,11.0,5.0,1
13.00608419914213,13.00608419914213,430.3790000000001,2.879580000000002,2.0,5.0,107.26,5.0,2.0,1
11.92660219224032,11.92660219224032,414.46900000000016,2.9771800000000015,2.0,7.0,103.16999999999999,6.0,4.0,0
9.021901772623966,9.021901772623966,335.8790000000001,3.7830000000000026,2.0,4.0,48.39,9.0,2.0,1
14.945481969958259,14.945481969958259,807.8900000000004,3.259600000000003,5.0,14.0,224.44999999999996,8.0,6.0,1
13.180948286722096,13.180948286722096,414.4830000000002,2.4837999999999996,2.0,5.0,95.94000000000001,5.0,4.0,1
11.782063192019343,11.782063192019343,427.4200000000001,4.335500000000003,1.0,3.0,38.82000000000001,5.0,3.0,0
14.846524476763054,14.846524476763054,623.6420000000002,3.7505000000000015,2.0,11.0,132.61,9.0,5.0,0
13.884751254741577,13.884751254741577,482.62800000000027,4.773280000000004,1.0,5.0,72.36,3.0,6.0,0
14.592590643299967,14.592590643299967,679.8629999999999,2.4459000000000026,4.0,8.0,179.56,13.0,5.0,1
15.051451059979648,15.051451059979648,483.49600000000015,2.9775000000000023,1.0,7.0,75.01,1.0,6.0,0
10.473840834173174,10.473840834173174,246.30599999999998,-0.2809999999999997,0.0,6.0,86.74000000000001,7.0,0.0,1
12.425620864233103,12.425620864233103,360.837,4.680000000000004,0.0,4.0,52.6,6.0,2.0,1
9.72607924092502,9.72607924092502,267.36899999999997,1.6131999999999997,2.0,4.0,50.72,9.0,1.0,0
13.22687894012186,13.22687894012186,430.5410000000002,2.716800000000001,2.0,6.0,93.06,4.0,5.0,0
12.673504291523773,12.673504291523773,475.5230000000002,0.9406999999999996,5.0,7.0,156.26999999999998,7.0,4.0,0
12.86586534038419,12.86586534038419,418.5740000000003,4.585600000000006,1.0,5.0,72.83000000000001,6.0,3.0,1
13.565687752951149,13.565687752951149,528.5370000000001,6.576100000000006,2.0,2.0,58.2,2.0,5.0,0
14.42213953139413,14.42213953139413,387.886,4.004900000000004,0.0,3.0,35.91,6.0,3.0,0
7.339727087592539,7.339727087592539,340.42699999999996,2.88284,4.0,4.0,118.2,10.0,2.0,0
3.420509711281717,3.420509711281717,298.4550000000001,3.8642400000000023,1.0,3.0,15.27,3.0,3.0,0
13.561436602418745,13.561436602418745,464.8580000000001,0.10829999999999995,6.0,9.0,181.61999999999998,2.0,4.0,0
10.96050359032502,10.96050359032502,186.166,2.5392,0.0,3.0,43.35,0.0,3.0,1
9.199537037037038,9.199537037037038,179.172,-3.254999999999998,5.0,6.0,116.17000000000002,1.0,1.0,0
13.935889121092327,13.935889121092327,532.5700000000003,4.456020000000003,1.0,6.0,65.77000000000001,4.0,5.0,0
10.902370480599647,10.902370480599647,277.26900000000006,1.1458,1.0,8.0,115.42000000000002,3.0,3.0,1
15.562611839465402,15.562611839465402,631.5980000000002,5.535020000000004,2.0,7.0,102.56,12.0,4.0,0
12.169554587724438,12.169554587724438,429.60400000000016,5.406500000000007,1.0,3.0,40.540000000000006,2.0,5.0,0
10.832023494583018,10.832023494583018,236.29599999999996,2.7321999999999997,2.0,3.0,66.56,2.0,2.0,0
9.095596393701143,9.095596393701143,435.28500000000014,4.717400000000003,2.0,7.0,120.63999999999999,4.0,3.0,0
7.0522222222222215,7.0522222222222215,129.167,-1.243829999999999,3.0,1.0,91.49,0.0,0.0,1
11.129477946271102,11.129477946271102,477.60300000000024,-3.3274999999999926,8.0,12.0,199.73000000000005,7.0,3.0,0
11.672037037037036,11.672037037037036,194.194,-1.0293,0.0,6.0,61.82,0.0,2.0,0
14.687381586094428,14.687381586094428,1209.4210000000005,-1.438100000000009,15.0,14.0,431.53999999999985,32.0,6.0,0
15.305858836468758,15.305858836468758,1047.2269999999999,3.3685000000000107,9.0,11.0,281.2,17.0,8.0,0
6.20938393207077,6.20938393207077,318.87300000000005,4.894400000000004,0.0,3.0,6.48,4.0,3.0,1
11.822810744554314,11.822810744554314,456.4580000000002,4.191800000000003,2.0,7.0,123.24,7.0,5.0,0
12.885905376039304,12.885905376039304,371.39300000000014,2.582200000000001,1.0,8.0,103.55,4.0,3.0,0
14.366099028717194,14.366099028717194,875.1060000000001,5.601400000000006,3.0,14.0,170.06,8.0,7.0,0
12.347538895187705,12.347538895187705,365.4110000000001,0.023699999999999555,4.0,6.0,132.95999999999998,4.0,3.0,1
12.365341080876796,12.365341080876796,378.4280000000001,3.515640000000003,1.0,5.0,81.54,7.0,3.0,0
11.283356953892667,11.283356953892667,247.27599999999998,0.5344199999999997,0.0,6.0,95.1,5.0,1.0,0
8.20949074074074,8.20949074074074,124.22999999999996,0.20689999999999997,3.0,3.0,20.23,2.0,0.0,0
10.315374149659863,10.315374149659863,144.12599999999998,-0.11140000000000017,0.0,4.0,52.60000000000001,2.0,0.0,1
10.634987381599727,10.634987381599727,358.2690000000001,3.2646000000000015,1.0,4.0,58.36,9.0,2.0,1
5.268946208112874,5.268946208112874,187.28599999999994,2.1826,0.0,1.0,3.24,4.0,1.0,0
15.794553284684957,15.794553284684957,560.6050000000002,4.4814200000000035,1.0,8.0,104.44999999999999,5.0,5.0,0
13.821630998785249,13.821630998785249,516.6040000000004,6.772700000000007,1.0,4.0,62.129999999999995,9.0,4.0,0
13.707520864318063,13.707520864318063,522.5780000000003,2.0136999999999996,4.0,11.0,138.44,10.0,5.0,0
14.308051612242421,14.308051612242421,546.9370000000001,4.510120000000003,3.0,8.0,142.17000000000002,8.0,4.0,0
10.88425925925926,10.88425925925926,136.11399999999998,-0.35380000000000006,2.0,3.0,74.43,0.0,2.0,1
10.53400526792031,10.53400526792031,300.44200000000006,5.602600000000005,1.0,1.0,37.3,5.0,1.0,0
12.030945661347898,12.030945661347898,382.8910000000001,4.887800000000005,0.0,3.0,42.43,1.0,4.0,0
13.33560785866257,13.33560785866257,498.5700000000003,2.6077000000000004,1.0,10.0,106.28999999999999,5.0,6.0,0
10.728703703703703,10.728703703703703,139.154,0.39931999999999984,1.0,3.0,42.230000000000004,0.0,1.0,0
11.47087065381708,11.47087065381708,244.207,-3.167999999999999,4.0,9.0,143.72000000000003,2.0,2.0,0
12.222602682564595,12.222602682564595,499.6190000000003,4.509800000000004,2.0,8.0,87.55,10.0,4.0,0
12.57384005233229,12.57384005233229,318.339,3.201500000000001,1.0,4.0,56.84,9.0,1.0,0
10.453943688586545,10.453943688586545,299.761,1.8492,1.0,3.0,48.19,1.0,3.0,1
14.65491833650536,14.65491833650536,510.3670000000001,5.670700000000004,3.0,5.0,88.05,5.0,4.0,0
9.644321186577264,9.644321186577264,504.6360000000005,-0.017599999999998117,4.0,12.0,145.44,12.0,4.0,0
13.170417006584486,13.170417006584486,329.37100000000004,3.326500000000002,1.0,4.0,39.72,4.0,4.0,1
5.87098820026174,5.87098820026174,371.52400000000006,5.996100000000006,0.0,2.0,12.47,8.0,3.0,1
11.603859284454522,11.603859284454522,328.41300000000007,-0.3490999999999962,5.0,4.0,151.02999999999997,7.0,1.0,0
13.245318875071415,13.245318875071415,460.9830000000001,4.267320000000004,2.0,6.0,82.36000000000001,8.0,3.0,0
12.18854938271605,12.18854938271605,261.08899999999994,1.884,1.0,2.0,41.57,5.0,1.0,0
14.698093221038338,14.698093221038338,534.5670000000005,4.490000000000003,2.0,7.0,119.12999999999998,3.0,6.0,0
9.92962962962963,9.92962962962963,178.27499999999998,3.6390000000000033,1.0,1.0,20.23,2.0,1.0,1
13.679461187892965,13.679461187892965,407.3180000000001,2.0165,1.0,5.0,77.04,4.0,3.0,0
13.065299193751574,13.065299193751574,362.27799999999996,1.5487999999999997,3.0,4.0,116.17000000000002,5.0,3.0,1
13.283474647136558,13.283474647136558,492.6890000000003,4.255800000000003,0.0,6.0,56.75,5.0,7.0,0
5.126354875283447,5.126354875283447,136.19799999999998,0.6924000000000001,2.0,2.0,38.05,3.0,1.0,1
11.07665062264678,11.07665062264678,348.4860000000002,6.103720000000006,1.0,1.0,37.3,3.0,3.0,0
11.323574420508944,11.323574420508944,308.315,2.7586000000000004,1.0,5.0,98.54,5.0,2.0,1
12.400532587615228,12.400532587615228,383.4080000000001,1.7845999999999995,1.0,8.0,106.95000000000002,4.0,4.0,0
5.263408919123204,5.263408919123204,160.18,0.9153999999999995,2.0,4.0,63.83,1.0,2.0,1
15.70410486698089,15.70410486698089,1713.0989999999995,4.592800000000005,6.0,25.0,407.61999999999995,17.0,12.0,0
10.384297052154196,10.384297052154196,190.155,-1.0272999999999997,4.0,3.0,129.72,5.0,0.0,0
12.18854938271605,12.18854938271605,261.08899999999994,1.884,1.0,2.0,41.57,5.0,1.0,1
11.188993764172334,11.188993764172334,263.381,2.634600000000001,1.0,3.0,32.7,4.0,2.0,0
5.31953343278695,5.31953343278695,281.832,-1.7033999999999958,5.0,6.0,100.66,11.0,1.0,0
12.141064814814815,12.141064814814815,129.094,-0.5088000000000001,2.0,3.0,71.77,0.0,1.0,0
11.54706748439649,11.54706748439649,448.3940000000001,4.859300000000005,1.0,4.0,44.81,7.0,4.0,0
11.486937753121149,11.486937753121149,433.5770000000001,4.724000000000003,1.0,5.0,48.57,7.0,5.0,0
11.56280248313317,11.56280248313317,242.702,3.060500000000002,0.0,3.0,35.53,4.0,1.0,0
14.276593984331386,14.276593984331386,749.956,5.254120000000004,2.0,10.0,156.88999999999996,8.0,7.0,1
11.060776486520535,11.060776486520535,238.159,0.07349999999999984,1.0,6.0,118.05000000000001,3.0,2.0,1
3.255216521793903,3.255216521793903,263.384,4.301900000000003,1.0,1.0,12.03,4.0,3.0,0
11.700274155958681,11.700274155958681,267.245,-0.19627999999999995,2.0,6.0,133.08,3.0,2.0,1
11.309989921894683,11.309989921894683,229.63099999999997,-1.2919999999999998,4.0,5.0,159.29,1.0,1.0,0
5.354814814814815,5.354814814814815,109.13200000000002,0.246,2.0,3.0,64.92999999999999,0.0,1.0,0
10.320648148148148,10.320648148148148,123.115,-0.42450000000000004,1.0,3.0,68.87,1.0,1.0,1
12.05582860793869,12.05582860793869,501.6670000000001,5.5105000000000075,3.0,4.0,81.0,10.0,4.0,0
12.49266439909297,12.49266439909297,285.3430000000001,1.6302999999999999,1.0,4.0,49.77,0.0,5.0,0
15.087734244797254,15.087734244797254,572.5590000000002,5.707400000000007,1.0,7.0,77.84,6.0,5.0,0
6.08337962962963,6.08337962962963,255.36100000000002,3.3542000000000023,0.0,2.0,12.47,6.0,2.0,0
10.740382810531619,10.740382810531619,211.21699999999998,0.44229999999999997,4.0,4.0,103.78,3.0,1.0,1
9.995061912110524,9.995061912110524,309.40600000000006,0.6348,4.0,5.0,81.95,5.0,2.0,0
12.041408921899542,12.041408921899542,371.42600000000004,1.09568,1.0,7.0,120.56,5.0,4.0,0
13.281909284949059,13.281909284949059,424.49700000000024,2.5731,2.0,5.0,95.94000000000001,9.0,3.0,0
12.62708693259469,12.62708693259469,329.23,2.7346000000000013,0.0,5.0,94.35,3.0,2.0,0
12.257617157974302,12.257617157974302,252.273,2.6422,1.0,2.0,63.400000000000006,0.0,3.0,1
10.749537037037037,10.749537037037037,137.14199999999997,-0.3149000000000001,2.0,3.0,68.01,1.0,1.0,1
12.533654708217437,12.533654708217437,388.46400000000017,2.5828000000000007,1.0,6.0,69.26,10.0,2.0,0
9.179872779971085,9.179872779971085,306.37300000000005,3.466380000000002,1.0,5.0,83.17999999999999,4.0,4.0,1
12.412735771073162,12.412735771073162,414.346,3.4407000000000014,2.0,4.0,59.59,7.0,2.0,1
13.398204666203739,13.398204666203739,426.4920000000002,3.0813200000000016,1.0,7.0,84.39,4.0,5.0,0
10.70832055393834,10.70832055393834,287.21599999999995,-0.051200000000000134,3.0,7.0,136.38000000000002,5.0,2.0,1
13.391455125428823,13.391455125428823,410.49300000000017,3.5904200000000026,0.0,6.0,64.16,4.0,5.0,0
12.178815507684554,12.178815507684554,237.73000000000002,2.897800000000001,1.0,2.0,29.1,2.0,2.0,1
13.609165039738006,13.609165039738006,529.5260000000002,6.355840000000004,2.0,7.0,97.62,6.0,5.0,0
11.743677248677248,11.743677248677248,235.33100000000002,1.3403999999999998,2.0,3.0,58.36,6.0,1.0,1
13.129256193532923,13.129256193532923,585.7090000000003,5.075000000000004,2.0,10.0,113.84999999999998,12.0,4.0,0
14.422200602794938,14.422200602794938,482.8210000000001,5.688800000000001,3.0,4.0,92.35,5.0,3.0,1
12.738290816326531,12.738290816326531,339.4830000000002,3.361900000000001,1.0,3.0,59.22,8.0,2.0,1
14.322433704973484,14.322433704973484,974.5709999999996,4.057000000000004,3.0,14.0,236.93999999999997,12.0,6.0,1
12.08606859410431,12.08606859410431,217.31199999999995,2.6039400000000006,0.0,2.0,20.310000000000002,4.0,1.0,1
15.10056533317714,15.10056533317714,1311.4730000000006,-2.294800000000013,17.0,15.0,490.4199999999999,33.0,8.0,0
13.824468469754573,13.824468469754573,628.814,4.328140000000004,4.0,5.0,120.00000000000001,15.0,4.0,0
14.457912311114509,14.457912311114509,958.24,6.197200000000008,3.0,14.0,204.65999999999994,9.0,4.0,0
14.280354109035843,14.280354109035843,740.945,5.879000000000006,5.0,9.0,174.37,17.0,4.0,0
12.792870782072345,12.792870782072345,584.1050000000001,5.090000000000004,2.0,9.0,85.86,8.0,5.0,0
12.270327726664933,12.270327726664933,371.87200000000007,2.3617,0.0,6.0,45.78,5.0,4.0,1
10.991168546395276,10.991168546395276,344.492,4.4699000000000035,3.0,3.0,94.83,14.0,0.0,0
11.47522053728899,11.47522053728899,236.231,-0.21050000000000008,2.0,6.0,93.03,2.0,3.0,1
11.287267704921476,11.287267704921476,259.349,2.5676000000000005,1.0,2.0,38.33,4.0,3.0,0
4.389982993197279,4.389982993197279,211.26799999999997,1.8038999999999998,1.0,3.0,37.81,0.0,4.0,1
5.341120559334845,5.341120559334845,296.5520000000001,3.6212000000000026,0.0,4.0,6.48,4.0,0.0,1
6.171802913552251,6.171802913552251,306.236,5.179600000000003,1.0,1.0,12.03,2.0,3.0,1
10.306506327099761,10.306506327099761,241.24299999999994,0.5301999999999998,2.0,5.0,91.01,6.0,1.0,0
12.805566184807256,12.805566184807256,276.37999999999994,1.96282,1.0,3.0,45.33,3.0,3.0,0
9.803083242722979,9.803083242722979,307.434,2.393400000000001,2.0,4.0,50.72,11.0,2.0,0
10.557327846910816,10.557327846910816,326.4360000000001,5.167060000000005,1.0,2.0,46.53,6.0,1.0,1
12.155593817395108,12.155593817395108,454.87000000000023,5.638120000000003,2.0,7.0,107.74000000000001,6.0,4.0,0
11.818778242664667,11.818778242664667,440.46300000000014,4.028600000000003,2.0,7.0,118.81000000000002,7.0,5.0,1
13.222597946586042,13.222597946586042,285.23500000000007,-1.8409,4.0,9.0,139.54000000000002,2.0,3.0,0
11.39136574074074,11.39136574074074,200.05299999999997,2.4232000000000005,0.0,1.0,9.23,2.0,0.0,1
14.99233512498692,14.99233512498692,571.5590000000004,6.6627000000000045,1.0,8.0,109.05999999999999,6.0,6.0,0
8.80560622196528,8.80560622196528,286.45900000000006,5.510300000000006,1.0,1.0,20.23,5.0,1.0,1
12.72967970521542,12.72967970521542,246.354,1.7713999999999996,1.0,2.0,46.33,5.0,2.0,0
6.28969506896116,6.28969506896116,373.9530000000001,4.580200000000004,0.0,4.0,9.72,4.0,4.0,1
10.364166666666666,10.364166666666666,371.25,1.7575999999999996,2.0,2.0,141.6,2.0,1.0,0
16.654268868792705,16.654268868792705,5793.643999999988,-19.762430000000357,78.0,83.0,2299.0700000000006,125.0,12.0,1
12.186055373748825,12.186055373748825,422.58400000000023,4.1521000000000035,1.0,6.0,106.97000000000001,16.0,0.0,0
6.320833333333333,6.320833333333333,151.253,1.9139000000000002,1.0,1.0,26.02,0.0,4.0,0
10.38955998866959,10.38955998866959,430.7170000000002,8.840260000000002,1.0,2.0,29.46,12.0,2.0,0
12.340839457326652,12.340839457326652,383.47000000000014,-0.30799999999999755,3.0,6.0,110.18,5.0,3.0,0
5.510488443481076,5.510488443481076,446.55500000000023,4.183600000000003,1.0,8.0,77.33,9.0,4.0,0
14.227606378409952,14.227606378409952,563.672,6.121300000000006,1.0,6.0,110.21,14.0,3.0,0
6.666018518518519,6.666018518518519,307.437,4.417800000000004,0.0,2.0,12.47,4.0,4.0,0
12.86110954179247,12.86110954179247,435.5280000000002,4.1617000000000015,2.0,5.0,112.07000000000001,10.0,3.0,0
10.576064342403628,10.576064342403628,171.23999999999998,1.3703,2.0,2.0,63.31999999999999,3.0,1.0,1
11.986207482993198,11.986207482993198,218.256,0.5378999999999994,2.0,2.0,58.2,2.0,2.0,0
13.195200684199948,13.195200684199948,463.5000000000001,5.910820000000005,2.0,6.0,78.63000000000001,9.0,3.0,0
9.865260895910247,9.865260895910247,285.431,3.882600000000003,1.0,2.0,23.47,2.0,3.0,0
13.057241758916334,13.057241758916334,302.349,2.3681,2.0,3.0,64.35000000000001,7.0,2.0,0
12.535015747039559,12.535015747039559,421.30500000000006,4.711200000000003,1.0,4.0,76.13,4.0,3.0,1
2.533564814814815,2.533564814814815,294.44199999999995,4.121000000000003,0.0,2.0,6.48,4.0,3.0,0
11.333333333333334,11.333333333333334,168.03599999999997,2.0835,0.0,1.0,9.23,2.0,0.0,1
14.226537934618293,14.226537934618293,386.80100000000004,5.026200000000002,0.0,2.0,15.6,2.0,3.0,0
13.329498469858109,13.329498469858109,447.5430000000004,2.965820000000001,2.0,9.0,105.03999999999999,5.0,5.0,1
11.822072695622479,11.822072695622479,336.4320000000001,2.3655,3.0,5.0,87.66,10.0,1.0,1
12.299845801778522,12.299845801778522,270.21,2.999480000000001,2.0,3.0,73.12,2.0,1.0,0
4.525590868291761,4.525590868291761,319.246,3.9277000000000024,0.0,2.0,16.130000000000003,5.0,2.0,0
12.621809807256236,12.621809807256236,299.37000000000006,1.9333,0.0,4.0,38.77,1.0,5.0,0
15.472373193731627,15.472373193731627,540.0210000000002,3.908400000000001,3.0,9.0,140.13,9.0,3.0,0
13.700872071050643,13.700872071050643,263.2,-1.2886000000000004,3.0,7.0,110.60000000000001,2.0,2.0,1
9.229166666666666,9.229166666666666,76.05499999999999,-0.9561000000000002,3.0,2.0,75.35000000000001,0.0,0.0,1
10.155522110877277,10.155522110877277,349.51800000000003,5.398600000000006,1.0,2.0,33.120000000000005,1.0,5.0,1
11.755560510016679,11.755560510016679,439.3130000000002,4.183520000000003,0.0,6.0,69.37,4.0,4.0,0
12.508626202024018,12.508626202024018,351.4090000000001,1.9509199999999998,2.0,6.0,99.6,2.0,3.0,1
12.978575344807052,12.978575344807052,443.31100000000004,3.386700000000001,2.0,7.0,97.62,5.0,3.0,0
12.034771877886957,12.034771877886957,312.3770000000001,1.5447799999999998,1.0,5.0,88.91,3.0,3.0,0
14.59496753742161,14.59496753742161,1648.9530000000002,10.554899999999996,6.0,22.0,380.05999999999995,18.0,16.0,1
13.882904976550359,13.882904976550359,570.6490000000003,5.906800000000007,1.0,6.0,77.73,3.0,9.0,0
11.611347080498867,11.611347080498867,301.47399999999993,4.330500000000005,1.0,2.0,23.47,5.0,3.0,0
10.734884172064907,10.734884172064907,293.32199999999995,4.025800000000002,1.0,3.0,63.33,5.0,3.0,1
15.461042480371287,15.461042480371287,4113.640999999981,-11.627860000000188,57.0,56.0,1646.1799999999994,149.0,6.0,0
13.711370464350253,13.711370464350253,560.649,5.026900000000004,3.0,6.0,85.52,7.0,6.0,0
11.626690804505529,11.626690804505529,407.57600000000014,5.675500000000006,0.0,4.0,58.59,20.0,0.0,0
12.171746863948993,12.171746863948993,440.5070000000002,4.2173000000000025,1.0,7.0,99.16,5.0,5.0,0
12.667561885865457,12.667561885865457,276.21399999999994,3.2081000000000017,1.0,3.0,72.24,3.0,1.0,1
11.895782837826488,11.895782837826488,285.351,1.9352999999999996,2.0,4.0,73.91,3.0,3.0,0
12.933560090702947,12.933560090702947,424.0879999999999,5.456800000000003,1.0,3.0,50.44,3.0,3.0,1
9.737182364715434,9.737182364715434,285.691,-0.2974000000000001,3.0,8.0,119.31,2.0,3.0,0
13.307147695127945,13.307147695127945,839.842,-6.094200000000008,3.0,15.0,281.71999999999997,9.0,7.0,1
12.652920918367347,12.652920918367347,315.369,1.0482,1.0,5.0,59.0,1.0,5.0,0
14.543653694781716,14.543653694781716,1030.3029999999999,5.722400000000007,4.0,16.0,241.95999999999992,10.0,4.0,0
11.802291893111697,11.802291893111697,320.341,2.7332200000000006,2.0,5.0,93.06,6.0,2.0,0
10.784141891324431,10.784141891324431,221.25599999999997,1.7906399999999996,1.0,3.0,47.56,3.0,2.0,0
13.966636432350718,13.966636432350718,244.265,3.6808000000000023,1.0,1.0,37.3,3.0,2.0,1
12.020909549004786,12.020909549004786,270.23999999999995,2.5768000000000018,3.0,5.0,90.9,1.0,3.0,0
13.959956520818714,13.959956520818714,570.6460000000003,3.479800000000002,4.0,9.0,141.18,6.0,8.0,0
12.328926297804225,12.328926297804225,420.51300000000015,-1.6030999999999955,5.0,7.0,162.05999999999997,7.0,3.0,0
10.294544595616024,10.294544595616024,159.22899999999998,1.0821,2.0,2.0,63.31999999999999,5.0,0.0,1
10.611948223733938,10.611948223733938,180.15899999999996,1.3101,1.0,3.0,63.60000000000001,2.0,1.0,1
11.943013038548752,11.943013038548752,203.241,1.3329999999999997,0.0,2.0,37.38,1.0,2.0,0
11.358097206475183,11.358097206475183,332.3130000000001,-3.785499999999997,7.0,7.0,200.72000000000003,6.0,1.0,0
11.099000771604938,11.099000771604938,339.36600000000004,-0.3953999999999982,1.0,8.0,115.54,3.0,3.0,1
13.90606849986375,13.90606849986375,868.4569999999998,8.659900000000006,3.0,11.0,172.03,13.0,8.0,0
11.725648583332514,11.725648583332514,408.5200000000001,2.3409,2.0,6.0,99.88,11.0,2.0,0
15.578663415829519,15.578663415829519,4813.526999999987,-12.097500000000325,58.0,65.0,1789.629999999999,163.0,10.0,0
10.173379629629629,10.173379629629629,138.059,-0.09110000000000007,2.0,2.0,70.06,1.0,1.0,0
8.91760169334033,8.91760169334033,285.31,2.659160000000001,0.0,5.0,78.29,3.0,3.0,0
12.604634580186529,12.604634580186529,366.8440000000001,5.348500000000005,1.0,3.0,54.370000000000005,2.0,4.0,0
12.095338372430655,12.095338372430655,359.26,2.667700000000001,0.0,7.0,88.65,5.0,3.0,0
10.876166770497353,10.876166770497353,404.2890000000001,4.2371000000000025,1.0,5.0,68.01,5.0,4.0,0
14.759471896783403,14.759471896783403,440.7650000000001,1.9177,3.0,7.0,121.68,3.0,4.0,0
9.51162037037037,9.51162037037037,207.226,-3.2620999999999976,5.0,6.0,104.39000000000001,3.0,1.0,0
13.683435059208868,13.683435059208868,457.4830000000002,0.030000000000001803,5.0,9.0,164.63,3.0,4.0,1
10.172060185185185,10.172060185185185,149.215,0.10670000000000035,3.0,3.0,63.31999999999999,2.0,0.0,1
13.469540519171654,13.469540519171654,499.5340000000003,1.0971800000000016,3.0,5.0,131.4,6.0,3.0,0
8.903974867724868,8.903974867724868,204.314,-0.292599999999999,4.0,4.0,64.52,9.0,0.0,1
10.648670588076357,10.648670588076357,337.4560000000001,-0.7679999999999998,4.0,6.0,175.83,7.0,1.0,1
11.49114307760141,11.49114307760141,255.23399999999998,-1.970899999999999,4.0,8.0,139.28,5.0,2.0,0
15.184560020255407,15.184560020255407,1415.5760000000005,-7.703580000000028,20.0,31.0,627.07,35.0,6.0,0
10.762425070336777,10.762425070336777,206.28499999999997,3.073200000000001,1.0,1.0,37.3,4.0,1.0,1
13.494877217637342,13.494877217637342,469.9480000000003,5.155100000000003,2.0,6.0,79.38000000000001,7.0,4.0,0
5.4473765432098755,5.4473765432098755,156.056,1.3958,0.0,1.0,3.24,4.0,0.0,0
11.442129157218442,11.442129157218442,229.261,-0.5941000000000001,2.0,7.0,90.36999999999999,2.0,2.0,0
5.9748406399596865,5.9748406399596865,195.693,2.589200000000001,1.0,1.0,12.03,0.0,2.0,0
11.74134054547745,11.74134054547745,315.716,3.037700000000002,1.0,4.0,84.6,2.0,3.0,0
12.562141912320483,12.562141912320483,435.4400000000002,-1.1724999999999979,4.0,10.0,201.58,7.0,2.0,0
12.261272570756697,12.261272570756697,307.39700000000005,3.2488400000000013,0.0,3.0,37.61000000000001,3.0,3.0,0
10.505302308533556,10.505302308533556,388.8950000000001,3.1482000000000028,1.0,4.0,53.010000000000005,8.0,3.0,1
14.631687940382683,14.631687940382683,477.4430000000002,3.5315800000000026,1.0,5.0,89.33000000000001,3.0,4.0,0
10.527246927577616,10.527246927577616,213.66399999999996,1.8569999999999995,2.0,2.0,63.31999999999999,4.0,1.0,0
8.877914490876302,8.877914490876302,366.4280000000001,4.989100000000002,2.0,6.0,97.41999999999999,5.0,3.0,0
12.612779341218681,12.612779341218681,557.0540000000001,5.932480000000006,2.0,8.0,112.39999999999999,11.0,4.0,0
14.020036281908002,14.020036281908002,1711.0170000000007,-4.796500000000009,20.0,30.0,596.6800000000001,63.0,4.0,0
14.68232284725399,14.68232284725399,761.8500000000004,3.4132400000000023,4.0,15.0,168.72,3.0,10.0,1
10.445114971741956,10.445114971741956,304.217,3.3779000000000012,1.0,2.0,40.54,9.0,1.0,0
5.595634703733549,5.595634703733549,336.36700000000013,3.096300000000001,0.0,4.0,40.8,2.0,5.0,0
12.296709183673471,12.296709183673471,303.35800000000006,1.8676999999999997,0.0,5.0,55.84,3.0,3.0,1
14.555824325527833,14.555824325527833,531.3160000000001,3.7811000000000026,3.0,4.0,64.60000000000001,4.0,4.0,0
4.317777777777778,4.317777777777778,210.285,0.0696000000000001,0.0,6.0,48.39000000000001,3.0,1.0,0
12.396843514813844,12.396843514813844,295.298,2.972200000000001,2.0,4.0,84.07999999999998,3.0,3.0,0
11.982260898260375,11.982260898260375,560.6930000000007,0.9221000000000046,6.0,9.0,205.83999999999995,23.0,0.0,0
15.116873602831284,15.116873602831284,1323.5280000000005,-0.9967000000000052,15.0,16.0,449.3599999999999,34.0,8.0,0
6.164566571163273,6.164566571163273,472.5890000000001,4.964800000000005,1.0,7.0,68.74000000000001,4.0,5.0,0
12.403475056689343,12.403475056689343,266.30400000000003,2.6512200000000004,1.0,4.0,58.120000000000005,1.0,4.0,1
11.304786365163348,11.304786365163348,323.13200000000006,0.9089999999999998,3.0,5.0,112.70000000000002,6.0,1.0,1
6.216159663969701,6.216159663969701,399.9660000000002,5.972400000000006,1.0,4.0,37.39,9.0,3.0,0
12.77067649281935,12.77067649281935,334.33200000000005,-1.6511999999999976,3.0,8.0,146.89000000000001,3.0,4.0,1
10.634882842025698,10.634882842025698,169.56699999999998,1.7744999999999997,1.0,2.0,46.0,0.0,2.0,1
13.460933996662956,13.460933996662956,567.7960000000004,4.747620000000005,4.0,6.0,101.9,9.0,4.0,0
10.901333098304912,10.901333098304912,645.6080000000004,-8.5645,14.0,19.0,321.17,9.0,4.0,1
12.643934424078275,12.643934424078275,383.3760000000001,2.8843000000000005,1.0,6.0,86.33000000000001,7.0,3.0,1
11.49485292265054,11.49485292265054,233.69899999999998,2.2509000000000006,1.0,3.0,61.77,4.0,1.0,0
11.805786092214664,11.805786092214664,254.289,2.4929,2.0,2.0,66.56,0.0,3.0,0
13.02352308515999,13.02352308515999,555.5160000000002,7.130500000000007,1.0,4.0,45.59,8.0,5.0,0
5.266511164651046,5.266511164651046,146.238,-1.916999999999998,4.0,4.0,76.1,7.0,0.0,0
12.340656651549509,12.340656651549509,346.3390000000001,2.1756,1.0,7.0,107.77,4.0,2.0,1
13.903021539564199,13.903021539564199,410.42400000000004,3.742040000000002,1.0,5.0,77.0,6.0,4.0,0
8.42713029529994,8.42713029529994,252.347,0.5973999999999998,3.0,4.0,88.88999999999999,5.0,1.0,1
13.004405034665584,13.004405034665584,1508.2730000000017,-13.750099999999989,19.0,39.0,805.4800000000005,30.0,5.0,0
14.446616395002037,14.446616395002037,447.8900000000001,4.281000000000003,2.0,5.0,88.76,7.0,3.0,0
5.981337159863946,5.981337159863946,279.383,3.9624000000000033,0.0,2.0,12.47,3.0,3.0,1
